DateNum,DateText,VNum,VTime,Player,ShotResult,OnOffTarget,ShotLocation,Foot,xShotLoc,yShotLoc
20211221,2021.12.21,1,0:08:49,Ryo,N,Y,15,R,2.5,3.5
20211221,2021.12.21,1,0:09:14,Joseph,Y,G,18,R,1.5,4.5
20211221,2021.12.21,1,0:09:46,Santiago,Y,G,19,L,2.5,4.5
20211221,2021.12.21,1,0:10:14,Santiago,Y,G,18,L,1.5,4.5
20211221,2021.12.21,1,0:11:09,Santiago,N,N,21,L,0.5,5.5
20211221,2021.12.21,1,0:11:34,Ozzie,N,N,15,L,2.5,3.5
20211221,2021.12.21,1,0:11:48,Ricky,N,N,17,R,0.5,4.5
20211221,2021.12.21,1,0:12:49,Ricky,N,N,14,R,1.5,3.5
20211221,2021.12.21,1,0:13:14,Danny,N,Y,20,R,3.5,4.5
20211221,2021.12.21,1,0:13:35,Joseph,Y,G,21,R,0.5,5.5
20211221,2021.12.21,1,0:13:58,Appa,N,Y,19,L,2.5,4.5
20211221,2021.12.21,1,0:14:33,Ryo,N,Y,20,R,3.5,4.5
20211221,2021.12.21,1,0:14:36,Danny,N,Y,17,R,0.5,4.5
20211221,2021.12.21,2,0:00:07,Santiago,N,N,21,R,0.5,5.5
20211221,2021.12.21,2,0:00:41,Appa,N,N,24,R,3.5,5.5
20211221,2021.12.21,2,0:01:02,KyungSoo,Y,G,14,R,1.5,3.5
20211221,2021.12.21,2,0:01:13,Danny,N,Y,9,R,0.5,2.5
20211221,2021.12.21,2,0:01:26,Ricky,Y,G,19,R,2.5,4.5
20211221,2021.12.21,2,0:01:49,Joseph,N,Y,21,R,0.5,5.5
20211221,2021.12.21,2,0:02:26,Santiago,N,N,14,L,1.5,3.5
20211221,2021.12.21,2,0:02:30,Appa,N,N,20,R,3.5,4.5
20211221,2021.12.21,2,0:02:47,Danny,N,N,14,R,1.5,3.5
20211221,2021.12.21,2,0:02:53,Joseph,N,B,18,R,1.5,4.5
20211221,2021.12.21,2,0:03:05,Santiago,N,N,24,L,3.5,5.5
20211221,2021.12.21,2,0:03:07,Appa,N,Y,21,R,0.5,5.5
20211221,2021.12.21,2,0:03:25,Joseph,N,Y,20,R,3.5,4.5
20211221,2021.12.21,2,0:04:03,Danny,N,B,24,R,3.5,5.5
20211221,2021.12.21,2,0:04:34,Santiago,Y,G,20,L,3.5,4.5
20211221,2021.12.21,2,0:05:18,Ryo,N,Y,15,R,2.5,3.5
20211221,2021.12.21,2,0:05:20,Ryo,N,Y,19,R,2.5,4.5
20211221,2021.12.21,2,0:05:37,KyungSoo,N,N,16,R,3.5,3.5
20211221,2021.12.21,2,0:06:06,Danny,N,N,20,R,3.5,4.5
20211221,2021.12.21,2,0:06:13,Joseph,N,Y,17,R,0.5,4.5
20211221,2021.12.21,2,0:06:35,Appa,N,Y,18,R,1.5,4.5
20211221,2021.12.21,2,0:06:51,KyungSoo,N,B,19,R,2.5,4.5
20211221,2021.12.21,2,0:07:16,Danny,N,N,14,R,1.5,3.5
20211221,2021.12.21,2,0:07:18,Ryo,N,N,20,R,3.5,4.5
20211221,2021.12.21,2,0:07:56,Joseph,N,Y,17,R,0.5,4.5
20211221,2021.12.21,2,0:08:04,Ricky,Y,G,15,R,2.5,3.5
20211221,2021.12.21,2,0:09:32,Paul,Y,G,15,R,2.5,3.5
20211221,2021.12.21,2,0:10:20,Joseph,N,Y,17,R,0.5,4.5
20211221,2021.12.21,2,0:10:26,Joseph,N,Y,17,R,0.5,4.5
20211221,2021.12.21,2,0:10:37,Appa,N,N,15,R,2.5,3.5
20211221,2021.12.21,2,0:11:09,Joseph,N,Y,17,R,0.5,4.5
20211221,2021.12.21,2,0:11:12,Santiago,N,Y,16,L,3.5,3.5
20211221,2021.12.21,2,0:11:52,Santiago,N,N,18,L,1.5,4.5
20211221,2021.12.21,2,0:12:26,Santiago,Y,G,18,L,1.5,4.5
20211221,2021.12.21,2,0:13:10,KyungSoo,N,Y,24,R,3.5,5.5
20211221,2021.12.21,2,0:13:44,Ozzie,N,N,13,L,0.5,3.5
20211221,2021.12.21,2,0:13:47,Danny,Y,G,20,R,3.5,4.5
20211221,2021.12.21,2,0:14:09,Santiago,Y,G,18,L,1.5,4.5
20211221,2021.12.21,2,0:14:52,Santiago,Y,G,17,L,0.5,4.5
20211221,2021.12.21,3,0:00:07,Danny,N,N,12,R,3.5,2.5
20211221,2021.12.21,3,0:00:13,Joseph,N,N,17,R,0.5,4.5
20211221,2021.12.21,3,0:00:44,KyungSoo,N,N,20,R,3.5,4.5
20211221,2021.12.21,3,0:00:51,Joseph,N,N,13,R,0.5,3.5
20211221,2021.12.21,3,0:01:16,Ozzie,N,B,9,L,0.5,2.5
20211221,2021.12.21,3,0:01:24,Danny,N,N,18,R,1.5,4.5
20211221,2021.12.21,3,0:01:32,Santiago,Y,G,11,L,2.5,2.5
20211221,2021.12.21,3,0:02:34,Ozzie,N,N,16,L,3.5,3.5
20211221,2021.12.21,3,0:02:53,KyungSoo,N,Y,20,R,3.5,4.5
20211221,2021.12.21,3,0:03:11,Joseph,N,N,19,R,2.5,4.5
20211221,2021.12.21,3,0:03:26,Santiago,N,Y,17,L,0.5,4.5
20211221,2021.12.21,3,0:03:34,Fredy,Y,G,8,R,3.5,1.5
20211221,2021.12.21,3,0:04:09,Danny,N,Y,21,L,0.5,5.5
20211221,2021.12.21,3,0:04:23,Appa,N,Y,17,R,0.5,4.5
20211221,2021.12.21,3,0:04:48,Danny,N,Y,20,R,3.5,4.5
20211221,2021.12.21,3,0:05:49,Paul,Y,G,14,R,1.5,3.5
20211221,2021.12.21,3,0:06:20,Appa,N,Y,18,R,1.5,4.5
20211221,2021.12.21,3,0:07:08,Paul,N,N,13,R,0.5,3.5
20211221,2021.12.21,3,0:07:15,Santiago,Y,G,19,L,2.5,4.5
20211221,2021.12.21,3,0:07:31,Joseph,N,N,16,R,3.5,3.5
20211221,2021.12.21,3,0:07:53,Danny,N,N,16,R,3.5,3.5
20211221,2021.12.21,3,0:08:02,Ricky,N,N,13,R,0.5,3.5
20211221,2021.12.21,3,0:08:36,Santiago,Y,G,18,L,1.5,4.5
20211221,2021.12.21,3,0:08:59,Joseph,N,N,14,R,1.5,3.5
20211221,2021.12.21,3,0:09:14,Ricky,N,Y,11,L,2.5,2.5
20211221,2021.12.21,3,0:09:19,KyungSoo,N,Y,19,R,2.5,4.5
20211221,2021.12.21,3,0:09:57,Joseph,N,N,15,R,2.5,3.5
20211221,2021.12.21,3,0:10:12,Ryo,Y,G,19,R,2.5,4.5
20211221,2021.12.21,3,0:10:44,Ricky,Y,G,18,L,1.5,4.5
20211221,2021.12.21,3,0:11:11,Joseph,N,Y,24,R,3.5,5.5
20211221,2021.12.21,3,0:11:20,Santiago,N,Y,21,L,0.5,5.5
20211221,2021.12.21,3,0:11:44,KyungSoo,N,Y,17,R,0.5,4.5
20211221,2021.12.21,3,0:11:52,Fredy,N,Y,15,R,2.5,3.5
20211221,2021.12.21,3,0:11:56,Danny,N,N,4,R,3.5,0.5
20211221,2021.12.21,3,0:12:18,Ricky,N,N,24,L,3.5,5.5
20211221,2021.12.21,3,0:12:22,Appa,N,Y,20,R,3.5,4.5
20211221,2021.12.21,3,0:12:25,Danny,N,N,3,R,2.5,0.5
20211221,2021.12.21,3,0:12:33,Joseph,N,Y,21,R,0.5,5.5
20211221,2021.12.21,3,0:12:45,KyungSoo,N,Y,13,R,0.5,3.5
20211221,2021.12.21,3,0:12:54,Ryo,N,N,15,R,2.5,3.5
20211221,2021.12.21,3,0:13:02,Santiago,Y,G,14,L,1.5,3.5
20211221,2021.12.21,3,0:13:34,Ricky,N,Y,10,L,1.5,2.5
20211221,2021.12.21,3,0:13:43,Santiago,Y,G,21,L,0.5,5.5
20211221,2021.12.21,3,0:14:53,Ricky,Y,G,17,L,0.5,4.5
20211221,2021.12.21,4,0:00:14,Danny,N,N,24,R,3.5,5.5
20211221,2021.12.21,4,0:00:31,Santiago,N,Y,18,L,1.5,4.5
20211221,2021.12.21,4,0:00:53,Danny,N,Y,16,R,3.5,3.5
20211221,2021.12.21,4,0:00:56,Joseph,N,N,17,R,0.5,4.5
20211221,2021.12.21,4,0:00:59,Ryo,N,Y,19,H,2.5,4.5
20211221,2021.12.21,4,0:01:29,Joseph,N,N,13,R,0.5,3.5
20211221,2021.12.21,4,0:01:31,Ryo,N,N,18,R,1.5,4.5
20211221,2021.12.21,4,0:02:15,Ricky,N,N,18,R,1.5,4.5
20211221,2021.12.21,4,0:02:24,Ryo,N,B,7,R,2.5,1.5
20211221,2021.12.21,4,0:02:50,Appa,N,N,18,L,1.5,4.5
20211221,2021.12.21,4,0:02:54,Santiago,Y,G,14,L,1.5,3.5
20211221,2021.12.21,4,0:03:32,Joseph,N,B,20,R,3.5,4.5
20211221,2021.12.21,4,0:04:01,Danny,N,N,20,R,3.5,4.5
20211221,2021.12.21,4,0:04:20,Ricky,N,Y,20,R,3.5,4.5
20211221,2021.12.21,4,0:04:44,Santiago,N,Y,19,L,2.5,4.5
20211221,2021.12.21,4,0:04:53,Paul,N,Y,14,R,1.5,3.5
20211221,2021.12.21,4,0:05:38,Joseph,N,N,17,R,0.5,4.5
20211221,2021.12.21,4,0:05:57,Joseph,N,Y,21,R,0.5,5.5
20211221,2021.12.21,4,0:06:03,Ozzie,N,Y,13,L,0.5,3.5
20211221,2021.12.21,4,0:06:35,Ryo,N,N,20,R,3.5,4.5
20211221,2021.12.21,4,0:06:55,Ryo,N,Y,20,R,3.5,4.5
20211221,2021.12.21,4,0:07:24,Appa,Y,G,19,R,2.5,4.5
20211221,2021.12.21,4,0:07:55,Ryo,N,Y,20,R,3.5,4.5
20211221,2021.12.21,4,0:07:58,Danny,Y,G,19,R,2.5,4.5
20211221,2021.12.21,4,0:08:27,Santiago,N,N,14,L,1.5,3.5
20211221,2021.12.21,4,0:08:30,Ricky,N,N,21,L,0.5,5.5
20211221,2021.12.21,4,0:09:03,Appa,Y,G,19,R,2.5,4.5
20211221,2021.12.21,4,0:09:35,Ryo,N,Y,17,R,0.5,4.5
20211221,2021.12.21,4,0:09:52,Danny,N,Y,20,R,3.5,4.5
20211221,2021.12.21,4,0:10:29,Ricky,N,Y,18,H,1.5,4.5
20211221,2021.12.21,4,0:10:39,Ricky,N,N,16,L,3.5,3.5
20211221,2021.12.21,4,0:11:27,Appa,N,N,20,R,3.5,4.5
20211221,2021.12.21,4,0:11:48,Ryo,Y,G,19,R,2.5,4.5
20211221,2021.12.21,4,0:12:17,KyungSoo,N,Y,17,R,0.5,4.5
20211221,2021.12.21,4,0:12:29,Paul,Y,G,19,R,2.5,4.5
20211221,2021.12.21,4,0:12:55,KyungSoo,N,Y,21,L,0.5,5.5
20211221,2021.12.21,4,0:13:02,Santiago,Y,G,19,R,2.5,4.5
20211221,2021.12.21,4,0:13:21,Ricky,N,B,18,L,1.5,4.5
20211221,2021.12.21,4,0:13:31,Danny,N,Y,14,R,1.5,3.5
20211221,2021.12.21,4,0:13:33,Danny,N,N,15,R,2.5,3.5
20211221,2021.12.21,4,0:13:35,Danny,Y,G,18,H,1.5,4.5
20211221,2021.12.21,5,0:04:26,Santiago,N,Y,20,L,3.5,4.5
20211221,2021.12.21,5,0:04:36,Ricky,Y,G,19,R,2.5,4.5
20211221,2021.12.21,5,0:05:50,Paul,N,Y,12,R,3.5,2.5
20211221,2021.12.21,5,0:05:59,Santiago,N,N,19,L,2.5,4.5
20211221,2021.12.21,5,0:07:14,Ryo,N,Y,15,R,2.5,3.5
20211221,2021.12.21,5,0:07:43,Danny,N,N,24,R,3.5,5.5
20211221,2021.12.21,5,0:07:52,Paul,Y,G,10,R,1.5,2.5
20211221,2021.12.21,5,0:08:52,Joseph,N,Y,16,R,3.5,3.5
20211221,2021.12.21,5,0:09:17,Danny,N,N,20,R,3.5,4.5
20211221,2021.12.21,5,0:09:28,Ryo,Y,G,14,R,1.5,3.5
20211221,2021.12.21,5,0:10:02,Danny,N,Y,19,R,2.5,4.5
20211221,2021.12.21,5,0:10:09,Ricky,Y,G,18,L,1.5,4.5
20211221,2021.12.21,5,0:10:44,Ryo,N,Y,19,R,2.5,4.5
20211221,2021.12.21,5,0:10:47,Ryo,N,B,23,H,2.5,5.5
20211221,2021.12.21,5,0:11:34,Joseph,N,Y,24,R,3.5,5.5
20211221,2021.12.21,5,0:12:30,Joseph,Y,G,14,R,1.5,3.5
20211221,2021.12.21,5,0:12:50,Ryo,N,Y,15,R,2.5,3.5
20211221,2021.12.21,5,0:13:37,Joseph,N,N,24,R,3.5,5.5
20211221,2021.12.21,5,0:13:43,Ryo,N,N,13,R,0.5,3.5
20211221,2021.12.21,5,0:14:07,Santiago,Y,G,21,L,0.5,5.5
20211221,2021.12.21,5,0:14:59,Joseph,Y,G,16,R,3.5,3.5
20211221,2021.12.21,6,0:00:41,Fredy,Y,G,11,R,2.5,2.5
20211221,2021.12.21,6,0:01:03,Danny,N,N,9,R,0.5,2.5
20211221,2021.12.21,6,0:01:18,Joseph,Y,G,18,R,1.5,4.5
20211221,2021.12.21,6,0:01:36,Joseph,N,Y,18,R,1.5,4.5
20211221,2021.12.21,6,0:01:52,Ryo,N,Y,18,R,1.5,4.5
20211221,2021.12.21,6,0:01:59,Ricky,Y,G,19,R,2.5,4.5
20211221,2021.12.21,6,0:02:25,Ryo,N,Y,18,R,1.5,4.5
20211221,2021.12.21,6,0:02:44,Appa,N,N,17,R,0.5,4.5
20211221,2021.12.21,6,0:03:11,Appa,N,B,17,L,0.5,4.5
20211221,2021.12.21,6,0:04:05,Danny,N,N,17,R,0.5,4.5
20211221,2021.12.21,6,0:04:27,Joseph,N,Y,18,H,1.5,4.5
20211221,2021.12.21,6,0:05:37,Ricky,N,Y,12,L,3.5,2.5
20211221,2021.12.21,6,0:05:50,Appa,N,N,21,R,0.5,5.5
20211221,2021.12.21,6,0:06:15,Santiago,N,Y,18,L,1.5,4.5
20211221,2021.12.21,6,0:06:25,Ricky,Y,G,19,L,2.5,4.5
20211221,2021.12.21,6,0:06:45,Paul,N,B,19,R,2.5,4.5
20211221,2021.12.21,6,0:06:51,Danny,N,N,13,R,0.5,3.5
20211221,2021.12.21,6,0:07:16,Paul,Y,G,18,R,1.5,4.5
20211221,2021.12.21,6,0:07:40,Joseph,Y,G,20,R,3.5,4.5
20211221,2021.12.21,6,0:07:59,Joseph,N,Y,14,R,1.5,3.5
20211221,2021.12.21,6,0:08:12,Danny,Y,G,20,R,3.5,4.5
20211221,2021.12.21,6,0:08:41,Joseph,N,N,18,R,1.5,4.5
20211221,2021.12.21,6,0:09:13,Danny,N,N,10,R,1.5,2.5
20211221,2021.12.21,6,0:09:25,Joseph,N,N,17,R,0.5,4.5
20211221,2021.12.21,6,0:09:29,Joseph,Y,G,19,R,2.5,4.5
20211221,2021.12.21,6,0:09:50,Santiago,N,N,21,L,0.5,5.5
20211221,2021.12.21,6,0:10:01,Ryo,N,Y,18,L,1.5,4.5
20211221,2021.12.21,6,0:10:11,Paul,N,Y,17,L,0.5,4.5
20211221,2021.12.21,6,0:10:16,Ryo,N,Y,16,R,3.5,3.5
20211221,2021.12.21,6,0:10:24,Santiago,N,Y,18,L,1.5,4.5
20211221,2021.12.21,6,0:10:49,Joseph,N,Y,20,R,3.5,4.5
20211221,2021.12.21,6,0:11:30,Paul,Y,G,17,R,0.5,4.5
20211221,2021.12.21,6,0:11:58,Santiago,Y,G,15,L,2.5,3.5
20211221,2021.12.21,6,0:12:17,Ryo,N,Y,20,R,3.5,4.5
20211221,2021.12.21,6,0:12:42,Joseph,N,Y,20,R,3.5,4.5
20211221,2021.12.21,6,0:12:43,Danny,Y,G,20,R,3.5,4.5
20211221,2021.12.21,6,0:13:10,Santiago,N,Y,20,R,3.5,4.5
20211221,2021.12.21,6,0:13:42,Danny,Y,G,18,R,1.5,4.5
20211221,2021.12.21,6,0:14:33,Joseph,N,N,20,R,3.5,4.5
20211221,2021.12.21,7,0:00:18,KyungSoo,N,Y,21,L,0.5,5.5
20211221,2021.12.21,7,0:00:27,Joseph,N,N,18,R,1.5,4.5
20211221,2021.12.21,7,0:00:58,Ricky,N,B,14,L,1.5,3.5
20211221,2021.12.21,7,0:01:18,Santiago,N,Y,16,L,3.5,3.5
20211221,2021.12.21,7,0:01:31,KyungSoo,N,B,20,R,3.5,4.5
20211221,2021.12.21,7,0:01:39,Danny,N,N,14,R,1.5,3.5
20211221,2021.12.21,7,0:01:50,KyungSoo,N,Y,20,L,3.5,4.5
20211221,2021.12.21,7,0:02:02,Paul,Y,G,15,R,2.5,3.5
20211221,2021.12.21,7,0:03:03,Joseph,N,N,18,R,1.5,4.5
20211221,2021.12.21,7,0:03:31,Ricky,N,N,24,R,3.5,5.5
20211221,2021.12.21,7,0:03:41,Paul,Y,G,18,R,1.5,4.5
20220201,2022.02.01,1,0:07:12,Danny,N,Y,21,L,0.5,5.5
20220201,2022.02.01,1,0:07:46,Paul,N,Y,19,R,2.5,4.5
20220201,2022.02.01,1,0:08:01,Danny,Y,G,19,R,2.5,4.5
20220201,2022.02.01,1,0:08:14,Santiago,N,Y,11,L,2.5,2.5
20220201,2022.02.01,1,0:08:30,Santiago,Y,G,13,L,0.5,3.5
20220201,2022.02.01,1,0:09:03,Joseph,N,Y,16,R,3.5,3.5
20220201,2022.02.01,1,0:09:13,Joseph,Y,G,19,R,2.5,4.5
20220201,2022.02.01,1,0:10:02,KChung,N,B,16,R,3.5,3.5
20220201,2022.02.01,1,0:10:25,Daniel,N,Y,17,R,0.5,4.5
20220201,2022.02.01,1,0:10:35,Mikey,N,N,19,R,2.5,4.5
20220201,2022.02.01,1,0:11:43,Danny,N,N,9,R,0.5,2.5
20220201,2022.02.01,1,0:13:00,Santiago,N,Y,15,L,2.5,3.5
20220201,2022.02.01,1,0:13:12,KChung,N,N,20,R,3.5,4.5
20220201,2022.02.01,1,0:13:42,Appa,N,Y,14,R,1.5,3.5
20220201,2022.02.01,1,0:13:48,Santiago,Y,G,14,L,1.5,3.5
20220201,2022.02.01,1,0:14:19,Joseph,N,Y,17,H,0.5,4.5
20220201,2022.02.01,2,0:00:28,KChung,N,B,15,R,2.5,3.5
20220201,2022.02.01,2,0:02:09,KChung,N,B,15,R,2.5,3.5
20220201,2022.02.01,2,0:02:49,Luis,Y,G,17,R,0.5,4.5
20220201,2022.02.01,2,0:03:26,Ricky,Y,G,9,R,0.5,2.5
20220201,2022.02.01,2,0:03:42,Paul,N,Y,15,L,2.5,3.5
20220201,2022.02.01,2,0:03:57,Joseph,N,B,18,R,1.5,4.5
20220201,2022.02.01,2,0:04:04,Luis,N,Y,17,R,0.5,4.5
20220201,2022.02.01,2,0:04:12,Paul,N,B,13,R,0.5,3.5
20220201,2022.02.01,2,0:05:04,Joseph,N,N,20,R,3.5,4.5
20220201,2022.02.01,2,0:05:30,Danny,Y,G,18,R,1.5,4.5
20220201,2022.02.01,2,0:05:53,Daniel,N,N,15,R,2.5,3.5
20220201,2022.02.01,2,0:06:23,Danny,N,N,13,R,0.5,3.5
20220201,2022.02.01,2,0:06:26,Luis,Y,G,18,R,1.5,4.5
20220201,2022.02.01,2,0:07:33,KChung,N,N,24,R,3.5,5.5
20220201,2022.02.01,2,0:07:52,Luis,N,Y,21,R,0.5,5.5
20220201,2022.02.01,2,0:08:19,Paul,Y,G,10,R,1.5,2.5
20220201,2022.02.01,2,0:08:43,Paul,N,B,14,R,1.5,3.5
20220201,2022.02.01,2,0:09:00,KChung,N,N,24,R,3.5,5.5
20220201,2022.02.01,2,0:10:06,KChung,N,N,19,L,2.5,4.5
20220201,2022.02.01,2,0:11:11,Joseph,N,Y,17,R,0.5,4.5
20220201,2022.02.01,2,0:11:21,KChung,N,N,24,R,3.5,5.5
20220201,2022.02.01,2,0:11:23,Santiago,N,N,21,L,0.5,5.5
20220201,2022.02.01,2,0:11:41,Luis,Y,G,19,L,2.5,4.5
20220201,2022.02.01,2,0:12:29,KChung,N,N,20,R,3.5,4.5
20220201,2022.02.01,2,0:12:56,Luis,Y,G,20,L,3.5,4.5
20220201,2022.02.01,2,0:13:26,Paul,N,B,17,L,0.5,4.5
20220201,2022.02.01,2,0:13:34,Ricky,N,N,11,L,2.5,2.5
20220201,2022.02.01,2,0:14:09,Mikey,N,Y,16,R,3.5,3.5
20220201,2022.02.01,2,0:14:12,Ricky,N,B,14,R,1.5,3.5
20220201,2022.02.01,2,0:14:27,Paul,Y,G,15,R,2.5,3.5
20220201,2022.02.01,3,0:00:08,Ricky,N,Y,18,R,1.5,4.5
20220201,2022.02.01,3,0:00:16,Santiago,N,N,17,L,0.5,4.5
20220201,2022.02.01,3,0:00:23,Danny,N,B,20,R,3.5,4.5
20220201,2022.02.01,3,0:00:25,Ricky,N,N,17,R,0.5,4.5
20220201,2022.02.01,3,0:00:52,KChung,N,N,20,R,3.5,4.5
20220201,2022.02.01,3,0:01:40,Danny,N,B,15,R,2.5,3.5
20220201,2022.02.01,3,0:01:42,Danny,Y,G,15,L,2.5,3.5
20220201,2022.02.01,3,0:02:38,KChung,N,N,20,R,3.5,4.5
20220201,2022.02.01,3,0:02:41,Paul,N,N,15,R,2.5,3.5
20220201,2022.02.01,3,0:03:04,Paul,N,B,20,R,3.5,4.5
20220201,2022.02.01,3,0:03:06,Santiago,N,B,15,L,2.5,3.5
20220201,2022.02.01,3,0:03:28,Paul,N,N,12,R,3.5,2.5
20220201,2022.02.01,3,0:04:09,Joseph,N,B,17,R,0.5,4.5
20220201,2022.02.01,3,0:04:14,Paul,N,Y,17,L,0.5,4.5
20220201,2022.02.01,3,0:04:17,KChung,N,Y,20,R,3.5,4.5
20220201,2022.02.01,3,0:04:38,KChung,N,N,21,R,0.5,5.5
20220201,2022.02.01,3,0:04:52,Paul,Y,G,15,R,2.5,3.5
20220201,2022.02.01,3,0:05:26,Paul,N,B,24,R,3.5,5.5
20220201,2022.02.01,3,0:05:37,KChung,N,N,13,R,0.5,3.5
20220201,2022.02.01,3,0:05:44,KyungSoo,N,B,16,R,3.5,3.5
20220201,2022.02.01,3,0:06:04,Paul,N,B,14,L,1.5,3.5
20220201,2022.02.01,3,0:06:48,KChung,Y,G,14,R,1.5,3.5
20220201,2022.02.01,3,0:07:25,Danny,Y,G,20,R,3.5,4.5
20220201,2022.02.01,3,0:07:50,Paul,Y,G,19,R,2.5,4.5
20220201,2022.02.01,3,0:14:15,Santiago,N,Y,18,L,1.5,4.5
20220201,2022.02.01,3,0:14:29,Paul,Y,G,18,L,1.5,4.5
20220201,2022.02.01,4,0:00:32,Danny,N,N,8,R,3.5,1.5
20220201,2022.02.01,4,0:00:40,Mikey,Y,G,21,R,0.5,5.5
20220201,2022.02.01,4,0:01:12,Danny,N,Y,16,R,3.5,3.5
20220201,2022.02.01,4,0:01:18,Ricky,Y,G,18,L,1.5,4.5
20220201,2022.02.01,4,0:01:58,Luis,N,Y,18,R,1.5,4.5
20220201,2022.02.01,4,0:02:15,Luis,N,N,14,L,1.5,3.5
20220201,2022.02.01,4,0:03:01,Luis,Y,G,18,L,1.5,4.5
20220201,2022.02.01,4,0:03:31,Daniel,N,B,16,R,3.5,3.5
20220201,2022.02.01,4,0:04:06,Ricky,Y,G,15,L,2.5,3.5
20220201,2022.02.01,4,0:05:36,Danny,N,Y,19,L,2.5,4.5
20220201,2022.02.01,4,0:06:37,Joseph,N,B,20,R,3.5,4.5
20220201,2022.02.01,4,0:06:50,Mikey,N,Y,20,R,3.5,4.5
20220201,2022.02.01,4,0:07:07,Appa,N,Y,15,R,2.5,3.5
20220201,2022.02.01,4,0:07:08,Santiago,N,Y,18,L,1.5,4.5
20220201,2022.02.01,4,0:07:09,Santiago,N,B,18,R,1.5,4.5
20220201,2022.02.01,4,0:07:12,Paul,N,Y,18,R,1.5,4.5
20220201,2022.02.01,4,0:07:54,KChung,Y,G,19,R,2.5,4.5
20220201,2022.02.01,4,0:08:32,Danny,N,Y,24,R,3.5,5.5
20220201,2022.02.01,4,0:08:43,Danny,N,N,20,R,3.5,4.5
20220201,2022.02.01,4,0:08:56,Mikey,N,B,19,R,2.5,4.5
20220201,2022.02.01,4,0:09:28,Paul,N,N,15,R,2.5,3.5
20220201,2022.02.01,4,0:09:30,Appa,N,N,24,R,3.5,5.5
20220201,2022.02.01,4,0:09:44,Danny,N,N,13,R,0.5,3.5
20220201,2022.02.01,4,0:09:56,Appa,N,B,16,R,3.5,3.5
20220201,2022.02.01,4,0:11:01,Mikey,N,B,16,R,3.5,3.5
20220201,2022.02.01,4,0:11:37,Danny,N,N,20,R,3.5,4.5
20220201,2022.02.01,4,0:11:45,Paul,N,Y,16,R,3.5,3.5
20220201,2022.02.01,4,0:11:50,Santiago,Y,G,18,L,1.5,4.5
20220201,2022.02.01,4,0:13:22,Santiago,Y,G,18,L,1.5,4.5
20220201,2022.02.01,4,0:14:13,Santiago,Y,G,18,L,1.5,4.5
20220201,2022.02.01,4,0:14:43,KChung,N,Y,17,R,0.5,4.5
20220201,2022.02.01,4,0:14:51,Joseph,N,N,13,R,0.5,3.5
20220201,2022.02.01,5,0:00:52,Daniel,N,N,11,R,2.5,2.5
20220201,2022.02.01,5,0:01:04,Danny,N,Y,20,R,3.5,4.5
20220201,2022.02.01,5,0:01:11,Isaac,N,Y,19,R,2.5,4.5
20220201,2022.02.01,5,0:01:34,Daniel,N,N,20,R,3.5,4.5
20220201,2022.02.01,5,0:02:27,Santiago,N,N,20,L,3.5,4.5
20220201,2022.02.01,5,0:03:02,Santiago,Y,G,17,L,0.5,4.5
20220201,2022.02.01,5,0:03:41,Luis,Y,G,19,L,2.5,4.5
20220201,2022.02.01,5,0:04:11,Santiago,N,Y,13,L,0.5,3.5
20220201,2022.02.01,5,0:04:13,Appa,N,N,16,R,3.5,3.5
20220201,2022.02.01,5,0:04:24,Danny,N,N,14,R,1.5,3.5
20220201,2022.02.01,5,0:04:49,Mikey,N,B,18,R,1.5,4.5
20220201,2022.02.01,5,0:04:55,Daniel,Y,G,20,R,3.5,4.5
20220201,2022.02.01,5,0:05:51,Santiago,N,N,13,L,0.5,3.5
20220201,2022.02.01,5,0:05:53,Appa,N,B,20,R,3.5,4.5
20220201,2022.02.01,5,0:06:00,Appa,N,Y,19,R,2.5,4.5
20220201,2022.02.01,5,0:06:57,KChung,N,Y,18,R,1.5,4.5
20220201,2022.02.01,5,0:07:07,Ricky,N,B,16,R,3.5,3.5
20220201,2022.02.01,5,0:07:15,Santiago,N,Y,20,L,3.5,4.5
20220201,2022.02.01,5,0:07:58,KChung,N,Y,17,L,0.5,4.5
20220201,2022.02.01,5,0:08:28,KyungSoo,N,N,15,R,2.5,3.5
20220201,2022.02.01,5,0:08:31,Appa,N,N,20,R,3.5,4.5
20220201,2022.02.01,5,0:08:51,Joseph,N,B,17,R,0.5,4.5
20220201,2022.02.01,5,0:09:09,Luis,N,B,17,R,0.5,4.5
20220201,2022.02.01,5,0:09:19,Paul,N,Y,15,R,2.5,3.5
20220201,2022.02.01,5,0:09:40,Ricky,N,N,11,R,2.5,2.5
20220201,2022.02.01,5,0:09:48,Luis,N,N,17,R,0.5,4.5
20220201,2022.02.01,5,0:10:13,Santiago,Y,G,13,L,0.5,3.5
20220201,2022.02.01,5,0:10:34,Paul,Y,G,19,R,2.5,4.5
20220201,2022.02.01,5,0:11:00,Santiago,N,Y,15,R,2.5,3.5
20220201,2022.02.01,5,0:11:16,Paul,Y,G,17,R,0.5,4.5
20220201,2022.02.01,5,0:11:30,Danny,N,N,16,R,3.5,3.5
20220201,2022.02.01,5,0:11:58,Ricky,N,B,15,R,2.5,3.5
20220201,2022.02.01,5,0:12:38,Daniel,N,Y,11,R,2.5,2.5
20220201,2022.02.01,5,0:13:20,Danny,Y,G,20,R,3.5,4.5
20220201,2022.02.01,5,0:13:41,Daniel,N,N,16,R,3.5,3.5
20220201,2022.02.01,5,0:14:05,Appa,N,N,14,R,1.5,3.5
20220201,2022.02.01,5,0:14:16,Joseph,N,Y,24,R,3.5,5.5
20220201,2022.02.01,5,0:14:27,Appa,N,B,17,R,0.5,4.5
20220201,2022.02.01,5,0:14:35,Danny,N,N,20,R,3.5,4.5
20220201,2022.02.01,5,0:14:58,Isaac,N,B,12,R,3.5,2.5
20220201,2022.02.01,6,0:00:18,Ricky,Y,G,21,L,0.5,5.5
20220201,2022.02.01,6,0:00:58,Santiago,N,Y,17,L,0.5,4.5
20220201,2022.02.01,6,0:01:37,Danny,N,N,14,R,1.5,3.5
20220201,2022.02.01,6,0:01:45,Santiago,Y,G,19,L,2.5,4.5
20220201,2022.02.01,6,0:02:22,Ricky,N,Y,14,L,1.5,3.5
20220201,2022.02.01,6,0:03:02,Santiago,N,N,17,L,0.5,4.5
20220201,2022.02.01,6,0:03:20,Daniel,N,N,15,R,2.5,3.5
20220201,2022.02.01,6,0:03:37,Santiago,N,Y,20,L,3.5,4.5
20220201,2022.02.01,6,0:04:15,KChung,Y,G,18,R,1.5,4.5
20220201,2022.02.01,6,0:04:33,Luis,Y,G,17,L,0.5,4.5
20220201,2022.02.01,6,0:05:57,Daniel,N,N,16,R,3.5,3.5
20220201,2022.02.01,6,0:06:06,Danny,N,B,17,R,0.5,4.5
20220201,2022.02.01,6,0:06:10,Santiago,N,N,14,L,1.5,3.5
20220201,2022.02.01,6,0:06:12,KChung,N,Y,21,R,0.5,5.5
20220201,2022.02.01,6,0:06:50,Joseph,N,N,20,R,3.5,4.5
20220201,2022.02.01,6,0:07:08,KChung,N,N,16,R,3.5,3.5
20220201,2022.02.01,6,0:07:10,Santiago,N,Y,19,L,2.5,4.5
20220201,2022.02.01,6,0:07:13,Santiago,N,B,17,L,0.5,4.5
20220201,2022.02.01,6,0:07:18,Paul,N,Y,16,R,3.5,3.5
20220201,2022.02.01,6,0:07:34,Danny,N,N,16,R,3.5,3.5
20220201,2022.02.01,6,0:08:06,Danny,N,Y,18,R,1.5,4.5
20220201,2022.02.01,6,0:08:20,Isaac,N,B,19,R,2.5,4.5
20220201,2022.02.01,6,0:08:35,Paul,N,Y,18,L,1.5,4.5
20220201,2022.02.01,6,0:08:37,Santiago,N,N,17,L,0.5,4.5
20220201,2022.02.01,6,0:09:00,Danny,N,N,20,R,3.5,4.5
20220201,2022.02.01,6,0:09:08,Ricky,N,N,21,L,0.5,5.5
20220201,2022.02.01,6,0:09:29,Danny,N,Y,24,R,3.5,5.5
20220201,2022.02.01,6,0:10:14,Mikey,N,N,16,R,3.5,3.5
20220201,2022.02.01,6,0:10:24,Santiago,N,N,16,L,3.5,3.5
20220201,2022.02.01,6,0:11:43,Appa,N,Y,16,R,3.5,3.5
20220201,2022.02.01,6,0:12:09,Appa,N,Y,24,R,3.5,5.5
20220201,2022.02.01,6,0:12:13,KyungSoo,N,N,14,R,1.5,3.5
20220201,2022.02.01,6,0:12:32,Paul,N,Y,14,R,1.5,3.5
20220201,2022.02.01,6,0:12:40,KChung,N,N,21,R,0.5,5.5
20220201,2022.02.01,6,0:13:23,Danny,N,Y,21,R,0.5,5.5
20220201,2022.02.01,6,0:13:26,Mikey,N,B,24,R,3.5,5.5
20220201,2022.02.01,6,0:13:29,Mikey,N,Y,24,L,3.5,5.5
20220201,2022.02.01,7,0:00:12,Danny,N,N,13,R,0.5,3.5
20220201,2022.02.01,7,0:00:18,Luis,N,Y,18,L,1.5,4.5
20220201,2022.02.01,7,0:00:21,Santiago,N,N,5,L,0.5,1.5
20220201,2022.02.01,7,0:00:30,Danny,N,Y,19,R,2.5,4.5
20220201,2022.02.01,7,0:00:33,Danny,Y,G,24,L,3.5,5.5
20220208,2022.02.08,1,0:07:10,Santiago,N,Y,19,L,2.5,4.5
20220208,2022.02.08,1,0:07:26,Santiago,Y,G,17,L,0.5,4.5
20220208,2022.02.08,1,0:08:17,Ryo,N,N,14,R,1.5,3.5
20220208,2022.02.08,1,0:08:51,Mikey,N,N,14,R,1.5,3.5
20220208,2022.02.08,1,0:09:24,Luis,N,B,17,R,0.5,4.5
20220208,2022.02.08,1,0:09:49,Joseph,N,N,24,R,3.5,5.5
20220208,2022.02.08,1,0:10:03,Luis,N,Y,15,L,2.5,3.5
20220208,2022.02.08,1,0:10:46,Joseph,N,Y,17,R,0.5,4.5
20220208,2022.02.08,1,0:10:58,Santiago,Y,G,19,R,2.5,4.5
20220208,2022.02.08,1,0:11:42,Sung,Y,G,18,L,1.5,4.5
20220208,2022.02.08,1,0:12:07,Mikey,Y,G,19,R,2.5,4.5
20220208,2022.02.08,1,0:12:47,Santiago,Y,G,16,L,3.5,3.5
20220208,2022.02.08,1,0:13:43,Santiago,Y,G,21,L,0.5,5.5
20220208,2022.02.08,1,0:14:15,Danny,N,B,16,R,3.5,3.5
20220208,2022.02.08,2,0:00:23,Santiago,N,N,18,L,1.5,4.5
20220208,2022.02.08,2,0:00:34,Luis,N,N,19,R,2.5,4.5
20220208,2022.02.08,2,0:00:45,Joseph,Y,G,14,R,1.5,3.5
20220208,2022.02.08,2,0:01:19,KyungSoo,N,N,15,R,2.5,3.5
20220208,2022.02.08,2,0:01:32,Joseph,N,N,15,R,2.5,3.5
20220208,2022.02.08,2,0:02:02,Danny,N,N,10,R,1.5,2.5
20220208,2022.02.08,2,0:02:34,Ryo,Y,G,18,R,1.5,4.5
20220208,2022.02.08,2,0:05:32,Joseph,N,N,14,R,1.5,3.5
20220208,2022.02.08,2,0:05:48,Santiago,N,Y,15,L,2.5,3.5
20220208,2022.02.08,2,0:06:15,Luis,N,N,20,R,3.5,4.5
20220208,2022.02.08,2,0:06:28,Appa,N,N,17,R,0.5,4.5
20220208,2022.02.08,2,0:07:27,Santiago,N,Y,18,L,1.5,4.5
20220208,2022.02.08,2,0:07:33,KyungSoo,N,N,20,R,3.5,4.5
20220208,2022.02.08,2,0:07:44,Mikey,Y,G,18,L,1.5,4.5
20220208,2022.02.08,2,0:08:02,Paul,N,N,13,L,0.5,3.5
20220208,2022.02.08,2,0:08:15,Paul,N,Y,15,R,2.5,3.5
20220208,2022.02.08,2,0:08:38,Danny,N,N,14,R,1.5,3.5
20220208,2022.02.08,2,0:09:14,Joseph,N,Y,17,R,0.5,4.5
20220208,2022.02.08,2,0:09:59,Paul,N,B,14,R,1.5,3.5
20220208,2022.02.08,2,0:10:06,Mikey,N,Y,18,R,1.5,4.5
20220208,2022.02.08,2,0:10:50,Danny,N,N,17,R,0.5,4.5
20220208,2022.02.08,2,0:10:56,Santiago,N,N,18,L,1.5,4.5
20220208,2022.02.08,2,0:11:03,Joseph,N,Y,20,R,3.5,4.5
20220208,2022.02.08,2,0:11:12,Joseph,N,Y,20,R,3.5,4.5
20220208,2022.02.08,2,0:12:16,Luis,Y,G,15,R,2.5,3.5
20220208,2022.02.08,2,0:12:32,Paul,N,Y,12,R,3.5,2.5
20220208,2022.02.08,2,0:12:51,Appa,N,N,17,R,0.5,4.5
20220208,2022.02.08,2,0:12:59,Luis,N,Y,20,R,3.5,4.5
20220208,2022.02.08,2,0:13:01,Appa,N,N,18,R,1.5,4.5
20220208,2022.02.08,2,0:13:11,Sung,Y,G,14,R,1.5,3.5
20220208,2022.02.08,2,0:13:26,Appa,N,B,17,R,0.5,4.5
20220208,2022.02.08,2,0:14:01,Luis,N,Y,24,R,3.5,5.5
20220208,2022.02.08,2,0:14:11,Danny,N,Y,19,R,2.5,4.5
20220208,2022.02.08,2,0:14:19,Danny,Y,G,18,R,1.5,4.5
20220208,2022.02.08,3,0:00:00,Paul,N,Y,20,R,3.5,4.5
20220208,2022.02.08,3,0:00:08,Ryo,N,N,20,R,3.5,4.5
20220208,2022.02.08,3,0:00:35,Ryo,N,Y,20,R,3.5,4.5
20220208,2022.02.08,3,0:00:48,Joseph,N,N,20,R,3.5,4.5
20220208,2022.02.08,3,0:01:10,Mikey,N,N,18,R,1.5,4.5
20220208,2022.02.08,3,0:01:17,Ryo,N,N,16,R,3.5,3.5
20220208,2022.02.08,3,0:01:47,Joseph,Y,G,20,R,3.5,4.5
20220208,2022.02.08,3,0:02:36,Paul,N,Y,19,R,2.5,4.5
20220208,2022.02.08,3,0:02:50,Mikey,N,N,18,R,1.5,4.5
20220208,2022.02.08,3,0:02:55,Mikey,N,N,18,R,1.5,4.5
20220208,2022.02.08,3,0:03:04,Danny,N,B,18,R,1.5,4.5
20220208,2022.02.08,3,0:03:17,Luis,N,B,14,L,1.5,3.5
20220208,2022.02.08,3,0:03:24,Joseph,N,Y,17,R,0.5,4.5
20220208,2022.02.08,3,0:03:37,Sung,Y,G,13,R,0.5,3.5
20220208,2022.02.08,3,0:03:59,Santiago,N,N,15,L,2.5,3.5
20220208,2022.02.08,3,0:04:13,Luis,N,Y,14,L,1.5,3.5
20220208,2022.02.08,3,0:04:28,Sung,N,Y,16,R,3.5,3.5
20220208,2022.02.08,3,0:04:34,Santiago,N,Y,19,H,2.5,4.5
20220208,2022.02.08,3,0:04:39,Joseph,N,N,13,R,0.5,3.5
20220208,2022.02.08,3,0:05:44,Danny,N,N,15,R,2.5,3.5
20220208,2022.02.08,3,0:05:58,Santiago,N,N,20,L,3.5,4.5
20220208,2022.02.08,3,0:06:15,Paul,N,B,16,R,3.5,3.5
20220208,2022.02.08,3,0:06:39,Joseph,N,Y,13,R,0.5,3.5
20220208,2022.02.08,3,0:07:19,Joseph,N,Y,21,R,0.5,5.5
20220208,2022.02.08,3,0:07:31,Santiago,N,Y,19,L,2.5,4.5
20220208,2022.02.08,3,0:08:14,Luis,Y,G,20,R,3.5,4.5
20220208,2022.02.08,3,0:08:55,Santiago,N,N,13,L,0.5,3.5
20220208,2022.02.08,3,0:09:50,Luis,N,Y,17,R,0.5,4.5
20220208,2022.02.08,3,0:09:51,Mikey,N,N,18,R,1.5,4.5
20220208,2022.02.08,3,0:10:13,Luis,N,N,17,L,0.5,4.5
20220208,2022.02.08,3,0:10:41,Paul,N,Y,14,R,1.5,3.5
20220208,2022.02.08,3,0:12:16,Sung,N,Y,14,R,1.5,3.5
20220208,2022.02.08,3,0:13:01,Santiago,N,N,9,L,0.5,2.5
20220208,2022.02.08,3,0:13:26,Danny,N,Y,14,R,1.5,3.5
20220208,2022.02.08,3,0:14:20,Mikey,N,B,13,R,0.5,3.5
20220208,2022.02.08,3,0:14:24,Danny,Y,G,20,R,3.5,4.5
20220208,2022.02.08,4,0:00:12,Luis,N,B,18,L,1.5,4.5
20220208,2022.02.08,4,0:00:36,Danny,Y,G,19,R,2.5,4.5
20220208,2022.02.08,4,0:01:12,Danny,N,Y,19,R,2.5,4.5
20220208,2022.02.08,4,0:01:40,Luis,N,N,17,L,0.5,4.5
20220208,2022.02.08,4,0:01:59,Danny,Y,G,18,R,1.5,4.5
20220208,2022.02.08,4,0:02:15,Santiago,Y,G,16,L,3.5,3.5
20220208,2022.02.08,4,0:06:10,Joseph,N,Y,18,R,1.5,4.5
20220208,2022.02.08,4,0:06:39,Sung,N,N,10,R,1.5,2.5
20220208,2022.02.08,4,0:06:45,Paul,N,N,20,R,3.5,4.5
20220208,2022.02.08,4,0:07:06,Paul,Y,G,19,R,2.5,4.5
20220208,2022.02.08,4,0:07:34,Santiago,N,N,19,L,2.5,4.5
20220208,2022.02.08,4,0:07:55,Paul,Y,G,10,R,1.5,2.5
20220208,2022.02.08,4,0:08:17,Appa,N,Y,17,R,0.5,4.5
20220208,2022.02.08,4,0:08:52,Sung,Y,G,19,L,2.5,4.5
20220208,2022.02.08,4,0:09:20,Ryo,Y,G,21,R,0.5,5.5
20220208,2022.02.08,4,0:09:58,Paul,N,N,15,R,2.5,3.5
20220208,2022.02.08,4,0:10:00,Sung,Y,G,19,R,2.5,4.5
20220208,2022.02.08,4,0:10:37,Danny,N,Y,20,R,3.5,4.5
20220208,2022.02.08,4,0:11:12,Ryo,Y,G,18,R,1.5,4.5
20220208,2022.02.08,4,0:11:53,David,N,N,14,R,1.5,3.5
20220208,2022.02.08,4,0:12:07,Luis,N,N,19,L,2.5,4.5
20220208,2022.02.08,4,0:12:12,Joseph,N,Y,24,R,3.5,5.5
20220208,2022.02.08,4,0:12:17,Danny,Y,G,18,R,1.5,4.5
20220208,2022.02.08,4,0:12:30,Santiago,N,Y,18,L,1.5,4.5
20220208,2022.02.08,4,0:12:54,Paul,N,B,14,R,1.5,3.5
20220208,2022.02.08,4,0:13:22,Santiago,Y,G,19,L,2.5,4.5
20220208,2022.02.08,4,0:13:56,Sung,N,B,12,R,3.5,2.5
20220208,2022.02.08,4,0:14:05,Danny,N,Y,15,R,2.5,3.5
20220208,2022.02.08,4,0:14:16,Luis,N,N,17,R,0.5,4.5
20220208,2022.02.08,5,0:00:23,Santiago,N,Y,19,L,2.5,4.5
20220208,2022.02.08,5,0:01:03,Luis,Y,G,19,R,2.5,4.5
20220208,2022.02.08,5,0:01:22,Joseph,N,N,15,R,2.5,3.5
20220208,2022.02.08,5,0:01:35,Luis,N,B,18,L,1.5,4.5
20220208,2022.02.08,5,0:01:57,Danny,N,Y,14,R,1.5,3.5
20220208,2022.02.08,5,0:02:08,Santiago,Y,G,14,L,1.5,3.5
20220208,2022.02.08,5,0:02:27,Paul,N,B,12,R,3.5,2.5
20220208,2022.02.08,5,0:02:37,Ryo,N,Y,24,R,3.5,5.5
20220208,2022.02.08,5,0:02:50,Santiago,Y,G,17,L,0.5,4.5
20220208,2022.02.08,5,0:03:23,Sung,N,N,15,R,2.5,3.5
20220208,2022.02.08,5,0:03:46,Paul,N,N,15,R,2.5,3.5
20220208,2022.02.08,5,0:03:49,Joseph,N,Y,17,L,0.5,4.5
20220208,2022.02.08,5,0:04:10,Luis,N,B,15,L,2.5,3.5
20220208,2022.02.08,5,0:04:45,Ryo,N,N,18,R,1.5,4.5
20220208,2022.02.08,5,0:04:55,Luis,Y,G,19,L,2.5,4.5
20220208,2022.02.08,5,0:05:54,Mikey,N,N,15,R,2.5,3.5
20220208,2022.02.08,5,0:05:58,Luis,N,N,21,L,0.5,5.5
20220208,2022.02.08,5,0:06:10,Danny,Y,G,16,R,3.5,3.5
20220208,2022.02.08,5,0:06:31,Danny,N,Y,10,R,1.5,2.5
20220208,2022.02.08,5,0:07:20,Appa,N,N,15,R,2.5,3.5
20220208,2022.02.08,5,0:07:29,Sung,Y,G,15,R,2.5,3.5
20220208,2022.02.08,5,0:07:44,Luis,N,B,19,L,2.5,4.5
20220208,2022.02.08,5,0:07:49,Sung,N,N,15,R,2.5,3.5
20220208,2022.02.08,5,0:07:51,Danny,N,N,20,L,3.5,4.5
20220208,2022.02.08,5,0:08:03,Sung,Y,G,19,R,2.5,4.5
20220208,2022.02.08,5,0:08:23,KyungSoo,N,B,17,R,0.5,4.5
20220208,2022.02.08,5,0:08:37,Joseph,N,N,13,R,0.5,3.5
20220208,2022.02.08,5,0:08:55,Santiago,Y,G,21,L,0.5,5.5
20220208,2022.02.08,5,0:10:38,Mikey,N,B,17,R,0.5,4.5
20220208,2022.02.08,5,0:11:14,Sung,N,N,20,R,3.5,4.5
20220208,2022.02.08,5,0:11:23,Santiago,Y,G,15,L,2.5,3.5
20220208,2022.02.08,5,0:11:57,Paul,N,Y,14,R,1.5,3.5
20220208,2022.02.08,5,0:12:01,Joseph,Y,G,22,H,1.5,5.5
20220208,2022.02.08,5,0:12:16,Santiago,N,Y,18,L,1.5,4.5
20220208,2022.02.08,5,0:12:19,Mikey,N,N,21,L,0.5,5.5
20220208,2022.02.08,5,0:12:49,Mikey,N,N,17,R,0.5,4.5
20220208,2022.02.08,5,0:14:18,Paul,N,Y,20,R,3.5,4.5
20220208,2022.02.08,5,0:14:20,Joseph,Y,G,18,R,1.5,4.5
20220208,2022.02.08,5,0:14:32,Luis,N,B,14,L,1.5,3.5
20220208,2022.02.08,5,0:14:50,Santiago,Y,G,9,L,0.5,2.5
20220208,2022.02.08,6,0:00:18,Paul,N,Y,15,R,2.5,3.5
20220208,2022.02.08,6,0:00:33,KyungSoo,N,Y,14,R,1.5,3.5
20220208,2022.02.08,6,0:00:48,Paul,N,N,17,L,0.5,4.5
20220208,2022.02.08,6,0:00:57,Sung,Y,G,20,R,3.5,4.5
20220208,2022.02.08,6,0:01:22,Paul,Y,G,16,R,3.5,3.5
20220208,2022.02.08,6,0:02:24,Luis,N,B,20,R,3.5,4.5
20220208,2022.02.08,6,0:02:44,KyungSoo,N,B,18,R,1.5,4.5
20220208,2022.02.08,6,0:03:04,Joseph,N,N,24,R,3.5,5.5
20220208,2022.02.08,6,0:03:06,Sung,N,Y,21,R,0.5,5.5
20220208,2022.02.08,6,0:03:30,Ryo,N,Y,17,R,0.5,4.5
20220208,2022.02.08,6,0:03:38,Ryo,N,Y,19,R,2.5,4.5
20220208,2022.02.08,6,0:03:58,Luis,N,N,18,R,1.5,4.5
20220208,2022.02.08,6,0:04:10,Santiago,N,Y,24,L,3.5,5.5
20220208,2022.02.08,6,0:04:14,Ryo,N,Y,20,R,3.5,4.5
20220208,2022.02.08,6,0:04:27,Luis,N,Y,21,L,0.5,5.5
20220208,2022.02.08,6,0:06:07,Ryo,N,N,17,R,0.5,4.5
20220208,2022.02.08,6,0:06:25,Santiago,Y,G,18,R,1.5,4.5
20220208,2022.02.08,6,0:07:07,Danny,Y,G,17,R,0.5,4.5
20220208,2022.02.08,6,0:07:31,Luis,Y,G,19,R,2.5,4.5
20220208,2022.02.08,6,0:08:26,Luis,N,B,18,R,1.5,4.5
20220208,2022.02.08,6,0:08:34,Danny,N,N,24,R,3.5,5.5
20220208,2022.02.08,6,0:09:02,Mikey,N,Y,17,R,0.5,4.5
20220208,2022.02.08,6,0:09:08,Ryo,Y,G,19,R,2.5,4.5
20220208,2022.02.08,6,0:09:52,Paul,N,Y,11,R,2.5,2.5
20220208,2022.02.08,6,0:09:59,Joseph,N,B,13,R,0.5,3.5
20220208,2022.02.08,6,0:10:28,Mikey,Y,G,14,R,1.5,3.5
20220208,2022.02.08,6,0:10:42,Danny,N,B,10,R,1.5,2.5
20220208,2022.02.08,6,0:11:15,Paul,N,N,13,R,0.5,3.5
20220208,2022.02.08,6,0:11:18,Joseph,N,Y,24,R,3.5,5.5
20220208,2022.02.08,6,0:11:34,Danny,N,Y,17,R,0.5,4.5
20220208,2022.02.08,6,0:11:39,Santiago,N,B,11,L,2.5,2.5
20220208,2022.02.08,6,0:11:46,KyungSoo,N,B,17,R,0.5,4.5
20220208,2022.02.08,6,0:12:04,Appa,N,Y,24,R,3.5,5.5
20220208,2022.02.08,6,0:12:30,Luis,N,Y,17,R,0.5,4.5
20220208,2022.02.08,6,0:12:49,Sung,N,Y,19,R,2.5,4.5
20220208,2022.02.08,6,0:12:54,Danny,Y,G,17,R,0.5,4.5
20220208,2022.02.08,6,0:13:29,Danny,Y,G,15,R,2.5,3.5
20220208,2022.02.08,6,0:14:15,Santiago,Y,G,14,L,1.5,3.5
20220208,2022.02.08,6,0:14:57,Ryo,Y,G,17,R,0.5,4.5
20220208,2022.02.08,7,0:00:33,Santiago,Y,G,19,L,2.5,4.5
20220208,2022.02.08,7,0:01:13,Luis,N,N,18,R,1.5,4.5
20220215,2022.02.15,2,0:02:34,Appa,N,Y,16,R,3.5,3.5
20220215,2022.02.15,2,0:02:40,Paul,N,N,18,R,1.5,4.5
20220215,2022.02.15,2,0:03:09,Santiago,N,B,15,L,2.5,3.5
20220215,2022.02.15,2,0:03:20,KChung,N,Y,17,R,0.5,4.5
20220215,2022.02.15,2,0:03:38,Joseph,N,Y,20,R,3.5,4.5
20220215,2022.02.15,2,0:04:09,Danny,N,B,16,R,3.5,3.5
20220215,2022.02.15,2,0:04:17,Santiago,N,N,18,R,1.5,4.5
20220215,2022.02.15,2,0:04:31,Santiago,Y,G,18,R,1.5,4.5
20220215,2022.02.15,2,0:06:18,Luis,N,N,18,L,1.5,4.5
20220215,2022.02.15,2,0:06:46,Joseph,N,Y,18,R,1.5,4.5
20220215,2022.02.15,2,0:06:55,Santiago,Y,G,18,L,1.5,4.5
20220215,2022.02.15,2,0:07:23,Paul,N,B,16,R,3.5,3.5
20220215,2022.02.15,2,0:08:18,Danny,N,N,13,R,0.5,3.5
20220215,2022.02.15,2,0:08:31,Santiago,Y,G,17,L,0.5,4.5
20220215,2022.02.15,2,0:09:17,Ryo,Y,G,14,R,1.5,3.5
20220215,2022.02.15,2,0:09:32,Ryo,N,N,20,R,3.5,4.5
20220215,2022.02.15,2,0:10:15,Luis,N,N,19,R,2.5,4.5
20220215,2022.02.15,2,0:10:18,Luis,N,N,18,L,1.5,4.5
20220215,2022.02.15,2,0:10:29,Joseph,N,Y,18,R,1.5,4.5
20220215,2022.02.15,2,0:10:59,Luis,Y,G,19,L,2.5,4.5
20220215,2022.02.15,2,0:11:32,Luis,N,Y,21,L,0.5,5.5
20220215,2022.02.15,2,0:11:46,Santiago,N,N,7,L,2.5,1.5
20220215,2022.02.15,2,0:12:18,Sung,Y,G,18,H,1.5,4.5
20220215,2022.02.15,2,0:13:12,Appa,N,N,20,R,3.5,4.5
20220215,2022.02.15,2,0:13:27,Ryo,Y,G,19,L,2.5,4.5
20220215,2022.02.15,2,0:14:14,Daniel,N,Y,15,R,2.5,3.5
20220215,2022.02.15,2,0:14:39,Santiago,Y,G,19,L,2.5,4.5
20220215,2022.02.15,3,0:00:54,Santiago,N,Y,17,L,0.5,4.5
20220215,2022.02.15,3,0:01:16,Ricky,N,N,14,L,1.5,3.5
20220215,2022.02.15,3,0:01:19,Sung,N,N,20,R,3.5,4.5
20220215,2022.02.15,3,0:01:41,Ricky,N,Y,21,L,0.5,5.5
20220215,2022.02.15,3,0:02:35,Ryo,N,N,20,R,3.5,4.5
20220215,2022.02.15,3,0:02:37,Luis,N,Y,18,R,1.5,4.5
20220215,2022.02.15,3,0:03:28,Joseph,N,N,20,R,3.5,4.5
20220215,2022.02.15,3,0:03:52,Santiago,N,B,19,R,2.5,4.5
20220215,2022.02.15,3,0:03:56,Santiago,N,Y,19,L,2.5,4.5
20220215,2022.02.15,3,0:03:57,Santiago,Y,G,19,R,2.5,4.5
20220215,2022.02.15,3,0:04:23,Joseph,N,B,20,R,3.5,4.5
20220215,2022.02.15,3,0:04:25,Ryo,Y,G,20,R,3.5,4.5
20220215,2022.02.15,3,0:05:08,Santiago,Y,G,18,L,1.5,4.5
20220215,2022.02.15,3,0:05:26,Luis,N,Y,21,L,0.5,5.5
20220215,2022.02.15,3,0:05:33,Paul,N,Y,15,R,2.5,3.5
20220215,2022.02.15,3,0:05:36,Santiago,N,N,10,L,1.5,2.5
20220215,2022.02.15,3,0:06:24,Ryo,N,Y,20,R,3.5,4.5
20220215,2022.02.15,3,0:06:57,Paul,N,N,14,R,1.5,3.5
20220215,2022.02.15,3,0:07:01,Luis,N,Y,18,R,1.5,4.5
20220215,2022.02.15,3,0:07:08,Danny,N,Y,12,R,3.5,2.5
20220215,2022.02.15,3,0:07:38,Joseph,N,Y,20,R,3.5,4.5
20220215,2022.02.15,3,0:07:52,Joseph,Y,G,18,R,1.5,4.5
20220215,2022.02.15,3,0:08:28,Paul,N,Y,15,R,2.5,3.5
20220215,2022.02.15,3,0:08:41,Ryo,N,N,19,R,2.5,4.5
20220215,2022.02.15,3,0:09:05,Ricky,N,B,12,L,3.5,2.5
20220215,2022.02.15,3,0:09:13,Sung,Y,G,14,R,1.5,3.5
20220215,2022.02.15,3,0:10:25,Danny,N,Y,13,R,0.5,3.5
20220215,2022.02.15,3,0:10:44,KChung,N,N,21,R,0.5,5.5
20220215,2022.02.15,3,0:11:25,Santiago,Y,G,15,L,2.5,3.5
20220215,2022.02.15,3,0:12:04,KChung,N,N,17,L,0.5,4.5
20220215,2022.02.15,3,0:12:10,KChung,N,N,21,R,0.5,5.5
20220215,2022.02.15,3,0:12:15,Santiago,Y,G,20,L,3.5,4.5
20220215,2022.02.15,3,0:12:40,Santiago,Y,G,21,L,0.5,5.5
20220215,2022.02.15,3,0:13:10,Santiago,Y,G,17,L,0.5,4.5
20220215,2022.02.15,3,0:13:29,Joseph,N,N,21,R,0.5,5.5
20220215,2022.02.15,3,0:13:36,Joseph,Y,G,14,R,1.5,3.5
20220215,2022.02.15,3,0:13:56,Santiago,N,Y,18,L,1.5,4.5
20220215,2022.02.15,3,0:14:20,Luis,N,N,17,L,0.5,4.5
20220215,2022.02.15,3,0:14:29,Danny,Y,G,20,R,3.5,4.5
20220215,2022.02.15,4,0:01:21,Ryo,Y,G,18,R,1.5,4.5
20220215,2022.02.15,4,0:01:54,Santiago,N,Y,20,L,3.5,4.5
20220215,2022.02.15,4,0:02:02,Joseph,N,N,21,R,0.5,5.5
20220215,2022.02.15,4,0:02:08,Sung,Y,G,11,R,2.5,2.5
20220215,2022.02.15,4,0:04:19,Luis,Y,G,19,R,2.5,4.5
20220215,2022.02.15,4,0:05:01,Santiago,N,Y,18,L,1.5,4.5
20220215,2022.02.15,4,0:05:13,Ricky,N,Y,18,L,1.5,4.5
20220215,2022.02.15,4,0:05:32,Santiago,N,N,17,L,0.5,4.5
20220215,2022.02.15,4,0:05:49,Paul,N,B,15,L,2.5,3.5
20220215,2022.02.15,4,0:05:59,Paul,N,Y,15,R,2.5,3.5
20220215,2022.02.15,4,0:06:21,Joseph,N,N,19,R,2.5,4.5
20220215,2022.02.15,4,0:07:13,Paul,Y,G,15,R,2.5,3.5
20220215,2022.02.15,4,0:07:43,Joseph,N,B,18,R,1.5,4.5
20220215,2022.02.15,4,0:08:01,Santiago,N,Y,17,L,0.5,4.5
20220215,2022.02.15,4,0:08:12,Paul,Y,G,18,L,1.5,4.5
20220215,2022.02.15,4,0:08:52,Sung,N,Y,10,R,1.5,2.5
20220215,2022.02.15,4,0:09:34,Ryo,N,B,18,L,1.5,4.5
20220215,2022.02.15,4,0:09:42,Ryo,N,B,18,R,1.5,4.5
20220215,2022.02.15,4,0:10:43,Ryo,N,N,15,R,2.5,3.5
20220215,2022.02.15,4,0:10:57,Paul,N,Y,15,R,2.5,3.5
20220215,2022.02.15,4,0:11:19,Joseph,N,B,24,R,3.5,5.5
20220215,2022.02.15,4,0:11:28,Daniel,N,N,16,R,3.5,3.5
20220215,2022.02.15,4,0:11:46,Sung,N,N,17,L,0.5,4.5
20220215,2022.02.15,4,0:11:55,Ricky,N,Y,15,R,2.5,3.5
20220215,2022.02.15,4,0:12:10,Ryo,N,N,13,R,0.5,3.5
20220215,2022.02.15,4,0:12:58,Luis,N,Y,20,R,3.5,4.5
20220215,2022.02.15,4,0:13:24,Joseph,N,N,17,R,0.5,4.5
20220215,2022.02.15,4,0:13:50,Santiago,N,N,14,L,1.5,3.5
20220215,2022.02.15,4,0:14:06,Santiago,Y,G,19,L,2.5,4.5
20220215,2022.02.15,5,0:00:13,KChung,N,Y,19,R,2.5,4.5
20220215,2022.02.15,5,0:00:53,Luis,N,Y,24,L,3.5,5.5
20220215,2022.02.15,5,0:01:11,Danny,N,B,17,R,0.5,4.5
20220215,2022.02.15,5,0:01:40,Joseph,N,Y,21,R,0.5,5.5
20220215,2022.02.15,5,0:01:57,Paul,N,Y,15,R,2.5,3.5
20220215,2022.02.15,5,0:02:39,Sung,N,Y,18,R,1.5,4.5
20220215,2022.02.15,5,0:03:40,Ryo,N,Y,18,R,1.5,4.5
20220215,2022.02.15,5,0:03:58,Sung,N,Y,14,R,1.5,3.5
20220215,2022.02.15,5,0:04:28,Ricky,N,Y,18,L,1.5,4.5
20220215,2022.02.15,5,0:04:31,Danny,N,Y,19,R,2.5,4.5
20220215,2022.02.15,5,0:04:44,Paul,N,B,16,R,3.5,3.5
20220215,2022.02.15,5,0:04:56,KChung,N,N,20,R,3.5,4.5
20220215,2022.02.15,5,0:05:47,Luis,N,B,18,R,1.5,4.5
20220215,2022.02.15,5,0:05:49,Luis,N,Y,19,R,2.5,4.5
20220215,2022.02.15,5,0:06:00,KChung,N,N,20,R,3.5,4.5
20220215,2022.02.15,5,0:06:01,KChung,N,N,24,R,3.5,5.5
20220215,2022.02.15,5,0:06:07,Luis,Y,G,19,L,2.5,4.5
20220215,2022.02.15,5,0:13:09,Paul,N,Y,16,R,3.5,3.5
20220215,2022.02.15,5,0:13:51,KChung,N,N,17,R,0.5,4.5
20220215,2022.02.15,5,0:14:05,KChung,N,N,18,R,1.5,4.5
20220215,2022.02.15,5,0:14:40,Ryo,Y,G,19,R,2.5,4.5
20220215,2022.02.15,6,0:00:31,Sung,N,N,18,R,1.5,4.5
20220215,2022.02.15,6,0:00:42,Santiago,Y,G,5,L,0.5,1.5
20220215,2022.02.15,6,0:01:26,Ryo,N,B,18,R,1.5,4.5
20220215,2022.02.15,6,0:02:01,Sung,N,N,9,R,0.5,2.5
20220215,2022.02.15,6,0:02:19,Ryo,N,Y,18,R,1.5,4.5
20220215,2022.02.15,6,0:02:22,Ryo,N,Y,18,L,1.5,4.5
20220215,2022.02.15,6,0:02:31,KChung,N,Y,17,R,0.5,4.5
20220215,2022.02.15,6,0:02:35,KChung,N,N,13,R,0.5,3.5
20220215,2022.02.15,6,0:02:50,Ricky,N,B,15,L,2.5,3.5
20220215,2022.02.15,6,0:02:51,Ricky,N,Y,17,L,0.5,4.5
20220215,2022.02.15,6,0:03:12,Santiago,Y,G,14,L,1.5,3.5
20220215,2022.02.15,6,0:04:04,Santiago,Y,G,18,L,1.5,4.5
20220215,2022.02.15,6,0:05:08,Paul,N,Y,20,R,3.5,4.5
20220215,2022.02.15,6,0:05:20,Ryo,N,N,18,R,1.5,4.5
20220215,2022.02.15,6,0:05:22,Luis,N,B,18,R,1.5,4.5
20220215,2022.02.15,6,0:05:43,Luis,N,Y,17,R,0.5,4.5
20220215,2022.02.15,6,0:05:55,Luis,N,Y,17,R,0.5,4.5
20220215,2022.02.15,6,0:06:35,Daniel,N,N,21,R,0.5,5.5
20220215,2022.02.15,6,0:06:44,Paul,N,B,18,L,1.5,4.5
20220215,2022.02.15,6,0:07:22,Ricky,N,N,21,L,0.5,5.5
20220215,2022.02.15,6,0:07:30,Santiago,N,B,15,L,2.5,3.5
20220215,2022.02.15,6,0:07:39,Danny,N,B,16,R,3.5,3.5
20220215,2022.02.15,6,0:07:49,Paul,Y,G,19,R,2.5,4.5
20220215,2022.02.15,6,0:08:42,Ryo,N,N,14,R,1.5,3.5
20220215,2022.02.15,6,0:09:54,Paul,Y,G,20,R,3.5,4.5
20220215,2022.02.15,6,0:10:23,KChung,N,Y,24,R,3.5,5.5
20220215,2022.02.15,6,0:10:38,Danny,N,Y,14,R,1.5,3.5
20220215,2022.02.15,6,0:11:44,Paul,N,Y,16,R,3.5,3.5
20220215,2022.02.15,6,0:12:26,Santiago,N,N,18,L,1.5,4.5
20220215,2022.02.15,6,0:13:19,KChung,N,N,21,R,0.5,5.5
20220215,2022.02.15,6,0:13:31,KChung,Y,G,14,R,1.5,3.5
20220215,2022.02.15,6,0:13:57,Luis,N,Y,19,L,2.5,4.5
20220215,2022.02.15,6,0:14:05,Joseph,N,B,21,R,0.5,5.5
20220215,2022.02.15,6,0:14:14,Sung,N,Y,24,R,3.5,5.5
20220215,2022.02.15,6,0:14:24,Fredy,N,N,6,R,1.5,1.5
20220215,2022.02.15,6,0:14:44,Joseph,N,N,18,R,1.5,4.5
20220215,2022.02.15,6,0:14:48,Luis,N,Y,20,L,3.5,4.5
20220215,2022.02.15,6,0:14:49,Joseph,N,Y,18,R,1.5,4.5
20220215,2022.02.15,6,0:14:57,Santiago,N,Y,18,L,1.5,4.5
20220217,2022.02.17,1,0:11:30,Sung,N,N,10,R,1.5,2.5
20220217,2022.02.17,1,0:11:53,Stipe,N,B,14,L,1.5,3.5
20220217,2022.02.17,1,0:13:24,Stipe,N,Y,24,R,3.5,5.5
20220217,2022.02.17,1,0:13:30,Paul,N,Y,18,R,1.5,4.5
20220217,2022.02.17,1,0:13:53,Ryo,N,Y,19,R,2.5,4.5
20220217,2022.02.17,1,0:14:02,Joseph,N,Y,17,R,0.5,4.5
20220217,2022.02.17,1,0:14:04,Luis,Y,G,19,R,2.5,4.5
20220217,2022.02.17,1,0:14:39,Sung,N,B,18,L,1.5,4.5
20220217,2022.02.17,2,0:00:19,Sung,N,B,16,R,3.5,3.5
20220217,2022.02.17,2,0:00:36,Stipe,N,Y,18,R,1.5,4.5
20220217,2022.02.17,2,0:01:39,Stipe,N,N,14,R,1.5,3.5
20220217,2022.02.17,2,0:02:00,Luis,N,B,19,R,2.5,4.5
20220217,2022.02.17,2,0:02:44,Sung,N,Y,19,R,2.5,4.5
20220217,2022.02.17,2,0:02:57,Paul,N,N,20,R,3.5,4.5
20220217,2022.02.17,2,0:03:06,Stipe,Y,G,24,R,3.5,5.5
20220217,2022.02.17,2,0:03:51,Danny,N,B,17,R,0.5,4.5
20220217,2022.02.17,2,0:03:55,Joseph,N,N,20,R,3.5,4.5
20220217,2022.02.17,2,0:04:32,Chris,N,Y,17,L,0.5,4.5
20220217,2022.02.17,2,0:04:39,Ryo,N,N,15,R,2.5,3.5
20220217,2022.02.17,2,0:04:52,Paul,N,N,16,R,3.5,3.5
20220217,2022.02.17,2,0:05:11,Sung,N,Y,7,R,2.5,1.5
20220217,2022.02.17,2,0:05:19,Appa,N,Y,19,R,2.5,4.5
20220217,2022.02.17,2,0:05:44,Chris,N,Y,18,L,1.5,4.5
20220217,2022.02.17,2,0:05:54,Joseph,N,N,20,R,3.5,4.5
20220217,2022.02.17,2,0:06:13,Appa,Y,G,18,R,1.5,4.5
20220217,2022.02.17,2,0:06:52,Joseph,N,N,20,R,3.5,4.5
20220217,2022.02.17,2,0:07:20,Stipe,N,Y,20,R,3.5,4.5
20220217,2022.02.17,2,0:07:35,Danny,N,Y,12,R,3.5,2.5
20220217,2022.02.17,2,0:08:03,Stipe,N,N,19,R,2.5,4.5
20220217,2022.02.17,2,0:08:05,Joseph,N,N,21,H,0.5,5.5
20220217,2022.02.17,2,0:09:03,Sung,Y,G,14,R,1.5,3.5
20220217,2022.02.17,2,0:09:22,Joseph,N,Y,13,R,0.5,3.5
20220217,2022.02.17,2,0:09:28,Paul,N,N,14,R,1.5,3.5
20220217,2022.02.17,2,0:09:34,Sung,Y,G,19,R,2.5,4.5
20220217,2022.02.17,2,0:09:56,Luis,N,Y,18,L,1.5,4.5
20220217,2022.02.17,2,0:10:28,Joseph,N,B,17,L,0.5,4.5
20220217,2022.02.17,2,0:10:36,Danny,N,N,15,R,2.5,3.5
20220217,2022.02.17,2,0:10:50,Ryo,Y,G,18,R,1.5,4.5
20220217,2022.02.17,2,0:11:40,Stipe,Y,G,15,R,2.5,3.5
20220217,2022.02.17,2,0:12:01,Luis,N,N,17,L,0.5,4.5
20220217,2022.02.17,2,0:12:23,Luis,N,B,18,R,1.5,4.5
20220217,2022.02.17,2,0:12:24,Franky,N,Y,18,R,1.5,4.5
20220217,2022.02.17,2,0:12:40,Danny,N,Y,15,R,2.5,3.5
20220217,2022.02.17,2,0:12:44,Stipe,N,N,21,R,0.5,5.5
20220217,2022.02.17,2,0:13:12,Stipe,Y,G,19,R,2.5,4.5
20220217,2022.02.17,2,0:13:36,Stipe,Y,G,16,R,3.5,3.5
20220217,2022.02.17,2,0:13:58,Paul,Y,G,18,R,1.5,4.5
20220217,2022.02.17,2,0:14:20,Joseph,N,N,19,R,2.5,4.5
20220217,2022.02.17,2,0:14:52,Danny,N,Y,13,R,0.5,3.5
20220217,2022.02.17,3,0:00:15,Luis,N,N,17,L,0.5,4.5
20220217,2022.02.17,3,0:00:24,Appa,N,N,16,R,3.5,3.5
20220217,2022.02.17,3,0:00:38,Chris,N,B,17,L,0.5,4.5
20220217,2022.02.17,3,0:00:41,Chris,N,B,21,L,0.5,5.5
20220217,2022.02.17,3,0:00:48,Appa,N,N,20,R,3.5,4.5
20220217,2022.02.17,3,0:00:57,Stipe,N,N,15,L,2.5,3.5
20220217,2022.02.17,3,0:01:00,Stipe,Y,G,20,R,3.5,4.5
20220217,2022.02.17,3,0:01:48,Franky,N,B,20,R,3.5,4.5
20220217,2022.02.17,3,0:02:07,Franky,N,N,19,R,2.5,4.5
20220217,2022.02.17,3,0:02:52,Chris,N,Y,19,L,2.5,4.5
20220217,2022.02.17,3,0:03:03,Franky,N,B,16,R,3.5,3.5
20220217,2022.02.17,3,0:03:47,Sung,Y,G,18,L,1.5,4.5
20220217,2022.02.17,3,0:04:02,Stipe,N,B,16,R,3.5,3.5
20220217,2022.02.17,3,0:04:28,Franky,N,N,20,R,3.5,4.5
20220217,2022.02.17,3,0:04:36,Luis,N,Y,19,L,2.5,4.5
20220217,2022.02.17,3,0:04:51,Stipe,N,B,20,R,3.5,4.5
20220217,2022.02.17,3,0:05:09,Stipe,N,Y,20,R,3.5,4.5
20220217,2022.02.17,3,0:05:37,Joseph,N,N,17,R,0.5,4.5
20220217,2022.02.17,3,0:06:05,Sung,N,N,14,R,1.5,3.5
20220217,2022.02.17,3,0:06:18,Stipe,N,N,12,R,3.5,2.5
20220217,2022.02.17,3,0:07:30,Stipe,N,N,18,R,1.5,4.5
20220217,2022.02.17,3,0:07:54,Luis,N,Y,21,L,0.5,5.5
20220217,2022.02.17,3,0:08:08,Franky,N,N,16,R,3.5,3.5
20220217,2022.02.17,3,0:08:31,Danny,Y,G,16,R,3.5,3.5
20220217,2022.02.17,3,0:09:09,Sung,N,N,18,L,1.5,4.5
20220217,2022.02.17,3,0:09:38,Appa,N,B,19,R,2.5,4.5
20220217,2022.02.17,3,0:10:04,Sung,N,Y,18,L,1.5,4.5
20220217,2022.02.17,3,0:10:10,Stipe,N,N,20,R,3.5,4.5
20220217,2022.02.17,3,0:10:29,Sung,N,Y,24,R,3.5,5.5
20220217,2022.02.17,3,0:10:35,Luis,Y,G,20,R,3.5,4.5
20220217,2022.02.17,3,0:12:11,Danny,N,B,20,R,3.5,4.5
20220217,2022.02.17,3,0:13:19,Appa,N,N,16,R,3.5,3.5
20220217,2022.02.17,3,0:14:19,Chris,N,Y,16,L,3.5,3.5
20220217,2022.02.17,3,0:14:21,Paul,N,Y,18,R,1.5,4.5
20220217,2022.02.17,3,0:14:30,Stipe,Y,G,20,R,3.5,4.5
20220217,2022.02.17,4,0:00:15,Luis,N,Y,18,R,1.5,4.5
20220217,2022.02.17,4,0:00:30,Sung,N,Y,17,R,0.5,4.5
20220217,2022.02.17,4,0:00:35,Sung,N,N,18,R,1.5,4.5
20220217,2022.02.17,4,0:00:36,Sung,N,Y,18,R,1.5,4.5
20220217,2022.02.17,4,0:00:41,Danny,N,Y,20,R,3.5,4.5
20220217,2022.02.17,4,0:00:50,Sung,N,Y,17,R,0.5,4.5
20220217,2022.02.17,4,0:01:28,Joseph,N,Y,17,R,0.5,4.5
20220217,2022.02.17,4,0:03:00,Paul,N,N,14,R,1.5,3.5
20220217,2022.02.17,4,0:03:30,Danny,N,Y,15,L,2.5,3.5
20220217,2022.02.17,4,0:03:49,Danny,N,N,11,R,2.5,2.5
20220217,2022.02.17,4,0:04:07,Luis,N,B,19,R,2.5,4.5
20220217,2022.02.17,4,0:04:29,Luis,N,N,18,R,1.5,4.5
20220217,2022.02.17,4,0:04:31,Luis,Y,G,23,H,2.5,5.5
20220217,2022.02.17,4,0:04:54,Ryo,Y,G,20,R,3.5,4.5
20220217,2022.02.17,4,0:05:40,Danny,N,N,20,R,3.5,4.5
20220217,2022.02.17,4,0:05:45,Stipe,N,B,17,R,0.5,4.5
20220217,2022.02.17,4,0:06:37,Danny,N,N,15,R,2.5,3.5
20220217,2022.02.17,4,0:06:45,Ryo,N,Y,18,R,1.5,4.5
20220217,2022.02.17,4,0:07:13,Luis,N,B,19,L,2.5,4.5
20220217,2022.02.17,4,0:07:36,Stipe,N,Y,17,R,0.5,4.5
20220217,2022.02.17,4,0:07:53,Paul,N,Y,13,R,0.5,3.5
20220217,2022.02.17,4,0:08:06,Franky,N,B,14,R,1.5,3.5
20220217,2022.02.17,4,0:08:54,Luis,N,B,19,L,2.5,4.5
20220217,2022.02.17,4,0:09:10,Ryo,Y,G,19,R,2.5,4.5
20220217,2022.02.17,4,0:10:48,Luis,N,N,17,R,0.5,4.5
20220217,2022.02.17,4,0:10:58,Chris,N,Y,13,L,0.5,3.5
20220217,2022.02.17,4,0:11:08,Stipe,N,B,19,L,2.5,4.5
20220217,2022.02.17,4,0:11:34,Franky,N,B,21,R,0.5,5.5
20220217,2022.02.17,4,0:11:38,Danny,N,N,15,L,2.5,3.5
20220217,2022.02.17,4,0:12:06,Danny,N,N,24,R,3.5,5.5
20220217,2022.02.17,4,0:13:06,Luis,N,B,19,L,2.5,4.5
20220217,2022.02.17,4,0:13:59,Stipe,N,B,19,R,2.5,4.5
20220217,2022.02.17,4,0:14:31,Sung,Y,G,14,R,1.5,3.5
20220217,2022.02.17,5,0:00:02,Luis,Y,G,19,L,2.5,4.5
20220217,2022.02.17,5,0:00:25,Sung,N,Y,9,R,0.5,2.5
20220217,2022.02.17,5,0:00:36,Luis,N,N,20,R,3.5,4.5
20220217,2022.02.17,5,0:01:20,Danny,N,N,20,R,3.5,4.5
20220217,2022.02.17,5,0:01:26,Stipe,N,B,17,R,0.5,4.5
20220217,2022.02.17,5,0:01:40,Sung,N,N,16,R,3.5,3.5
20220217,2022.02.17,5,0:01:51,Danny,N,Y,20,R,3.5,4.5
20220217,2022.02.17,5,0:01:55,Stipe,N,N,19,R,2.5,4.5
20220217,2022.02.17,5,0:02:22,Appa,Y,G,15,R,2.5,3.5
20220217,2022.02.17,5,0:03:12,Paul,N,N,19,R,2.5,4.5
20220217,2022.02.17,5,0:03:23,Joseph,N,Y,13,R,0.5,3.5
20220217,2022.02.17,5,0:03:40,Ryo,N,Y,24,R,3.5,5.5
20220217,2022.02.17,5,0:03:55,Chris,N,Y,18,R,1.5,4.5
20220217,2022.02.17,5,0:03:57,Chris,Y,G,18,L,1.5,4.5
20220217,2022.02.17,5,0:04:20,Joseph,N,Y,17,R,0.5,4.5
20220217,2022.02.17,5,0:04:57,Paul,Y,G,15,R,2.5,3.5
20220217,2022.02.17,5,0:05:12,Joseph,N,Y,13,R,0.5,3.5
20220217,2022.02.17,5,0:05:21,Ryo,N,N,20,R,3.5,4.5
20220217,2022.02.17,5,0:05:41,Chris,N,Y,18,R,1.5,4.5
20220217,2022.02.17,5,0:06:08,Sung,N,Y,10,R,1.5,2.5
20220217,2022.02.17,5,0:06:31,Paul,Y,G,17,R,0.5,4.5
20220217,2022.02.17,5,0:11:06,Ryo,N,Y,15,R,2.5,3.5
20220217,2022.02.17,5,0:11:55,Paul,N,N,15,R,2.5,3.5
20220217,2022.02.17,5,0:13:17,Chris,Y,G,18,R,1.5,4.5
20220217,2022.02.17,5,0:14:23,Danny,N,B,16,R,3.5,3.5
20220217,2022.02.17,5,0:14:48,Stipe,Y,G,19,R,2.5,4.5
20220217,2022.02.17,6,0:00:25,Sung,N,Y,18,R,1.5,4.5
20220217,2022.02.17,6,0:00:52,Stipe,N,Y,12,R,3.5,2.5
20220217,2022.02.17,6,0:00:54,Danny,N,N,24,R,3.5,5.5
20220217,2022.02.17,6,0:01:16,Franky,Y,G,13,R,0.5,3.5
20220217,2022.02.17,6,0:01:53,Sung,Y,G,10,R,1.5,2.5
20220217,2022.02.17,6,0:02:24,Luis,N,N,17,L,0.5,4.5
20220217,2022.02.17,6,0:02:37,Chris,N,B,18,R,1.5,4.5
20220217,2022.02.17,6,0:02:42,Stipe,Y,G,24,R,3.5,5.5
20220217,2022.02.17,6,0:03:28,Luis,N,Y,18,L,1.5,4.5
20220217,2022.02.17,6,0:03:47,Danny,N,Y,18,R,1.5,4.5
20220217,2022.02.17,6,0:03:57,Chris,N,Y,17,L,0.5,4.5
20220217,2022.02.17,6,0:04:29,Sung,N,N,21,L,0.5,5.5
20220217,2022.02.17,6,0:04:37,Paul,Y,G,20,R,3.5,4.5
20220217,2022.02.17,6,0:05:38,Luis,Y,G,18,L,1.5,4.5
20220217,2022.02.17,6,0:06:15,Appa,N,N,16,R,3.5,3.5
20220217,2022.02.17,6,0:06:17,Sung,N,Y,22,H,1.5,5.5
20220217,2022.02.17,6,0:06:55,Appa,N,N,24,R,3.5,5.5
20220217,2022.02.17,6,0:07:07,Chris,N,N,18,L,1.5,4.5
20220217,2022.02.17,6,0:07:24,Sung,N,B,17,R,0.5,4.5
20220217,2022.02.17,6,0:07:30,Joseph,N,Y,17,R,0.5,4.5
20220217,2022.02.17,6,0:07:48,Joseph,N,Y,17,R,0.5,4.5
20220217,2022.02.17,6,0:08:28,Luis,Y,G,20,R,3.5,4.5
20220217,2022.02.17,6,0:08:48,Sung,N,N,11,R,2.5,2.5
20220217,2022.02.17,6,0:08:55,Appa,N,N,20,R,3.5,4.5
20220217,2022.02.17,6,0:09:35,Danny,Y,G,14,L,1.5,3.5
20220217,2022.02.17,6,0:10:30,Sung,N,Y,19,R,2.5,4.5
20220217,2022.02.17,6,0:11:00,Joseph,N,Y,17,R,0.5,4.5
20220217,2022.02.17,6,0:11:31,Chris,N,Y,20,R,3.5,4.5
20220217,2022.02.17,6,0:11:38,Stipe,N,B,16,R,3.5,3.5
20220217,2022.02.17,6,0:12:01,Stipe,Y,G,24,R,3.5,5.5
20220217,2022.02.17,6,0:12:14,Paul,N,B,10,R,1.5,2.5
20220217,2022.02.17,6,0:12:55,Stipe,N,Y,20,R,3.5,4.5
20220217,2022.02.17,6,0:12:57,Stipe,N,Y,19,L,2.5,4.5
20220217,2022.02.17,6,0:13:11,Joseph,Y,G,13,R,0.5,3.5
20220217,2022.02.17,6,0:13:30,Chris,N,N,11,L,2.5,2.5
20220217,2022.02.17,6,0:13:45,Danny,N,Y,19,R,2.5,4.5
20220217,2022.02.17,6,0:13:58,Danny,Y,G,15,R,2.5,3.5
20220217,2022.02.17,6,0:14:11,Sung,N,Y,12,R,3.5,2.5
20220217,2022.02.17,6,0:14:42,Stipe,Y,G,18,L,1.5,4.5
20220217,2022.02.17,7,0:00:07,Stipe,N,Y,19,R,2.5,4.5
20220301,2022.03.01,1,0:08:16,Santiago,Y,G,15,L,2.5,3.5
20220301,2022.03.01,1,0:08:35,Paul,N,B,16,R,3.5,3.5
20220301,2022.03.01,1,0:09:16,Danny,Y,G,24,R,3.5,5.5
20220301,2022.03.01,1,0:09:54,KCamal,N,Y,17,L,0.5,4.5
20220301,2022.03.01,1,0:10:42,Santiago,N,N,18,L,1.5,4.5
20220301,2022.03.01,1,0:10:52,Santiago,Y,G,21,L,0.5,5.5
20220301,2022.03.01,1,0:12:14,Ryo,N,N,17,R,0.5,4.5
20220301,2022.03.01,1,0:12:37,Danny,N,B,20,R,3.5,4.5
20220301,2022.03.01,1,0:12:58,Santiago,N,B,19,L,2.5,4.5
20220301,2022.03.01,1,0:13:05,Paul,N,Y,15,R,2.5,3.5
20220301,2022.03.01,1,0:13:34,Danny,N,N,16,R,3.5,3.5
20220301,2022.03.01,1,0:13:44,Appa,N,N,14,L,1.5,3.5
20220301,2022.03.01,1,0:14:12,Danny,N,Y,16,R,3.5,3.5
20220301,2022.03.01,1,0:14:31,Franky,N,N,17,L,0.5,4.5
20220301,2022.03.01,1,0:14:54,Santiago,N,Y,15,L,2.5,3.5
20220301,2022.03.01,2,0:00:04,Oscar,N,B,18,R,1.5,4.5
20220301,2022.03.01,2,0:00:22,Danny,N,Y,20,R,3.5,4.5
20220301,2022.03.01,2,0:00:32,Oscar,Y,G,18,R,1.5,4.5
20220301,2022.03.01,2,0:01:17,Paul,N,N,14,R,1.5,3.5
20220301,2022.03.01,2,0:01:44,Appa,N,Y,17,R,0.5,4.5
20220301,2022.03.01,2,0:02:03,Appa,Y,G,17,R,0.5,4.5
20220301,2022.03.01,2,0:03:20,KCamal,N,N,17,L,0.5,4.5
20220301,2022.03.01,2,0:03:25,KCamal,N,B,18,R,1.5,4.5
20220301,2022.03.01,2,0:03:29,Joseph,N,N,21,R,0.5,5.5
20220301,2022.03.01,2,0:03:39,KCamal,N,N,18,R,1.5,4.5
20220301,2022.03.01,2,0:03:50,Danny,N,N,16,L,3.5,3.5
20220301,2022.03.01,2,0:04:01,Joseph,N,N,21,H,0.5,5.5
20220301,2022.03.01,2,0:04:12,Danny,N,N,14,R,1.5,3.5
20220301,2022.03.01,2,0:04:13,Appa,N,N,17,R,0.5,4.5
20220301,2022.03.01,2,0:04:50,Franky,N,B,19,R,2.5,4.5
20220301,2022.03.01,2,0:06:05,Luis,N,N,20,L,3.5,4.5
20220301,2022.03.01,2,0:06:22,Appa,Y,G,13,R,0.5,3.5
20220301,2022.03.01,2,0:06:57,Ricky,N,N,16,R,3.5,3.5
20220301,2022.03.01,2,0:07:00,Appa,N,Y,15,R,2.5,3.5
20220301,2022.03.01,2,0:07:13,Franky,N,B,14,R,1.5,3.5
20220301,2022.03.01,2,0:08:05,Oscar,N,Y,24,R,3.5,5.5
20220301,2022.03.01,2,0:08:15,Danny,N,B,24,R,3.5,5.5
20220301,2022.03.01,2,0:08:27,KCamal,Y,G,18,R,1.5,4.5
20220301,2022.03.01,2,0:09:42,Santiago,N,Y,12,L,3.5,2.5
20220301,2022.03.01,2,0:09:48,Oscar,N,Y,22,H,1.5,5.5
20220301,2022.03.01,2,0:10:01,Ricky,Y,G,17,L,0.5,4.5
20220301,2022.03.01,2,0:10:34,Joseph,N,N,15,R,2.5,3.5
20220301,2022.03.01,2,0:10:44,Oscar,N,Y,18,R,1.5,4.5
20220301,2022.03.01,2,0:10:53,Joseph,N,B,15,R,2.5,3.5
20220301,2022.03.01,2,0:10:58,Appa,N,N,15,R,2.5,3.5
20220301,2022.03.01,2,0:11:12,Joseph,N,B,24,R,3.5,5.5
20220301,2022.03.01,2,0:11:33,Joseph,N,N,19,R,2.5,4.5
20220301,2022.03.01,2,0:12:25,Ricky,N,Y,14,L,1.5,3.5
20220301,2022.03.01,2,0:12:29,Paul,Y,G,15,R,2.5,3.5
20220301,2022.03.01,2,0:12:50,Luis,N,Y,14,L,1.5,3.5
20220301,2022.03.01,2,0:13:36,Paul,N,N,15,R,2.5,3.5
20220301,2022.03.01,2,0:13:42,Appa,N,B,17,R,0.5,4.5
20220301,2022.03.01,2,0:13:53,Oscar,N,N,17,R,0.5,4.5
20220301,2022.03.01,2,0:14:22,Ryo,Y,G,19,R,2.5,4.5
20220301,2022.03.01,2,0:14:56,Paul,N,B,15,R,2.5,3.5
20220301,2022.03.01,3,0:00:14,Luis,N,N,17,R,0.5,4.5
20220301,2022.03.01,3,0:00:39,Ryo,Y,G,17,R,0.5,4.5
20220301,2022.03.01,3,0:01:04,Danny,N,N,20,R,3.5,4.5
20220301,2022.03.01,3,0:01:28,Danny,N,B,16,R,3.5,3.5
20220301,2022.03.01,3,0:01:54,Appa,N,N,21,R,0.5,5.5
20220301,2022.03.01,3,0:02:02,Santiago,Y,G,16,L,3.5,3.5
20220301,2022.03.01,3,0:03:22,Oscar,N,Y,21,L,0.5,5.5
20220301,2022.03.01,3,0:03:31,Franky,N,B,15,R,2.5,3.5
20220301,2022.03.01,3,0:03:50,Ryo,N,Y,18,R,1.5,4.5
20220301,2022.03.01,3,0:03:57,Appa,N,B,17,L,0.5,4.5
20220301,2022.03.01,3,0:04:09,Oscar,N,N,17,L,0.5,4.5
20220301,2022.03.01,3,0:04:23,Ryo,Y,G,14,R,1.5,3.5
20220301,2022.03.01,3,0:04:49,Luis,N,Y,14,R,1.5,3.5
20220301,2022.03.01,3,0:04:51,Joseph,N,N,20,R,3.5,4.5
20220301,2022.03.01,3,0:05:23,Paul,N,Y,14,R,1.5,3.5
20220301,2022.03.01,3,0:05:33,KCamal,Y,G,17,R,0.5,4.5
20220301,2022.03.01,3,0:06:20,Danny,N,N,20,R,3.5,4.5
20220301,2022.03.01,3,0:06:27,Franky,N,Y,17,R,0.5,4.5
20220301,2022.03.01,3,0:06:49,Luis,N,N,24,R,3.5,5.5
20220301,2022.03.01,3,0:08:06,Franky,N,N,16,R,3.5,3.5
20220301,2022.03.01,3,0:08:59,Ricky,N,Y,17,L,0.5,4.5
20220301,2022.03.01,3,0:09:10,Santiago,Y,G,18,R,1.5,4.5
20220301,2022.03.01,3,0:09:40,Santiago,Y,G,18,L,1.5,4.5
20220301,2022.03.01,3,0:10:10,Danny,Y,G,16,R,3.5,3.5
20220301,2022.03.01,3,0:10:24,Joseph,Y,G,20,R,3.5,4.5
20220301,2022.03.01,3,0:10:39,Ryo,N,B,19,R,2.5,4.5
20220301,2022.03.01,3,0:10:46,Ryo,Y,G,19,R,2.5,4.5
20220301,2022.03.01,3,0:11:06,Isaac,N,N,16,R,3.5,3.5
20220301,2022.03.01,3,0:11:22,Joseph,N,N,18,R,1.5,4.5
20220301,2022.03.01,3,0:11:31,Ricky,Y,G,14,R,1.5,3.5
20220301,2022.03.01,3,0:11:56,Appa,N,N,14,R,1.5,3.5
20220301,2022.03.01,3,0:12:20,Joseph,N,Y,24,R,3.5,5.5
20220301,2022.03.01,3,0:12:37,Paul,Y,G,16,R,3.5,3.5
20220301,2022.03.01,3,0:12:58,Joseph,N,N,17,R,0.5,4.5
20220301,2022.03.01,3,0:13:00,Oscar,Y,G,24,L,3.5,5.5
20220301,2022.03.01,3,0:13:31,Ricky,N,N,14,R,1.5,3.5
20220301,2022.03.01,3,0:13:39,Danny,N,N,16,R,3.5,3.5
20220301,2022.03.01,3,0:14:19,Ricky,N,Y,18,L,1.5,4.5
20220301,2022.03.01,3,0:14:29,Joseph,N,N,13,R,0.5,3.5
20220301,2022.03.01,3,0:14:31,Oscar,N,Y,20,R,3.5,4.5
20220301,2022.03.01,4,0:00:31,Santiago,N,Y,16,L,3.5,3.5
20220301,2022.03.01,4,0:00:41,Paul,Y,G,15,R,2.5,3.5
20220301,2022.03.01,4,0:01:27,Luis,N,N,16,R,3.5,3.5
20220301,2022.03.01,4,0:01:29,Oscar,Y,G,21,R,0.5,5.5
20220301,2022.03.01,4,0:02:13,Santiago,Y,G,9,L,0.5,2.5
20220301,2022.03.01,4,0:02:29,Paul,N,B,16,R,3.5,3.5
20220301,2022.03.01,4,0:02:33,Santiago,N,N,14,L,1.5,3.5
20220301,2022.03.01,4,0:02:41,Franky,N,Y,18,L,1.5,4.5
20220301,2022.03.01,4,0:03:00,Paul,Y,G,19,R,2.5,4.5
20220301,2022.03.01,4,0:03:22,Joseph,N,Y,13,R,0.5,3.5
20220301,2022.03.01,4,0:03:44,Isaac,N,N,16,R,3.5,3.5
20220301,2022.03.01,4,0:03:55,KCamal,N,B,17,R,0.5,4.5
20220301,2022.03.01,4,0:04:24,Paul,N,Y,20,R,3.5,4.5
20220301,2022.03.01,4,0:04:47,Luis,N,Y,17,L,0.5,4.5
20220301,2022.03.01,4,0:04:55,Oscar,N,B,24,L,3.5,5.5
20220301,2022.03.01,4,0:05:09,Ryo,Y,G,20,R,3.5,4.5
20220301,2022.03.01,4,0:05:28,Oscar,N,N,19,L,2.5,4.5
20220301,2022.03.01,4,0:05:59,Luis,Y,G,19,L,2.5,4.5
20220301,2022.03.01,4,0:06:20,Luis,N,B,17,L,0.5,4.5
20220301,2022.03.01,4,0:06:43,Paul,Y,G,24,R,3.5,5.5
20220301,2022.03.01,4,0:07:23,Oscar,N,Y,24,L,3.5,5.5
20220301,2022.03.01,4,0:07:52,Paul,Y,G,18,R,1.5,4.5
20220301,2022.03.01,4,0:12:10,Joseph,N,N,16,R,3.5,3.5
20220301,2022.03.01,4,0:12:27,Joseph,N,Y,20,R,3.5,4.5
20220301,2022.03.01,4,0:13:26,Joseph,N,B,17,R,0.5,4.5
20220301,2022.03.01,4,0:14:31,Luis,Y,G,20,R,3.5,4.5
20220301,2022.03.01,5,0:00:23,Ryo,N,N,20,R,3.5,4.5
20220301,2022.03.01,5,0:00:24,Paul,N,Y,18,R,1.5,4.5
20220301,2022.03.01,5,0:00:37,Oscar,N,Y,21,R,0.5,5.5
20220301,2022.03.01,5,0:00:47,Paul,Y,G,19,R,2.5,4.5
20220301,2022.03.01,5,0:01:06,Oscar,N,N,21,R,0.5,5.5
20220301,2022.03.01,5,0:01:27,Paul,N,N,18,R,1.5,4.5
20220301,2022.03.01,5,0:01:39,Luis,N,N,24,R,3.5,5.5
20220301,2022.03.01,5,0:02:03,Ricky,Y,G,17,L,0.5,4.5
20220301,2022.03.01,5,0:02:35,Luis,Y,G,18,L,1.5,4.5
20220301,2022.03.01,5,0:02:53,Franky,N,N,13,L,0.5,3.5
20220301,2022.03.01,5,0:03:05,Franky,N,N,20,R,3.5,4.5
20220301,2022.03.01,5,0:03:17,Oscar,N,Y,17,R,0.5,4.5
20220301,2022.03.01,5,0:03:39,Santiago,N,Y,17,L,0.5,4.5
20220301,2022.03.01,5,0:04:35,Danny,N,N,15,L,2.5,3.5
20220301,2022.03.01,5,0:05:00,Danny,N,Y,20,R,3.5,4.5
20220301,2022.03.01,5,0:05:27,Danny,Y,G,14,R,1.5,3.5
20220301,2022.03.01,5,0:07:49,KCamal,N,Y,19,R,2.5,4.5
20220301,2022.03.01,5,0:08:01,Ryo,N,N,15,R,2.5,3.5
20220301,2022.03.01,5,0:08:16,Danny,N,Y,17,R,0.5,4.5
20220301,2022.03.01,5,0:08:28,KCamal,N,N,18,R,1.5,4.5
20220301,2022.03.01,5,0:08:56,Danny,N,N,17,L,0.5,4.5
20220301,2022.03.01,5,0:09:38,Ryo,N,B,20,R,3.5,4.5
20220301,2022.03.01,5,0:09:47,Luis,N,N,18,L,1.5,4.5
20220301,2022.03.01,5,0:10:09,Santiago,N,N,11,L,2.5,2.5
20220301,2022.03.01,5,0:10:41,KCamal,N,N,21,R,0.5,5.5
20220301,2022.03.01,5,0:10:48,Luis,Y,G,20,L,3.5,4.5
20220301,2022.03.01,5,0:12:03,Danny,Y,G,19,R,2.5,4.5
20220301,2022.03.01,5,0:12:32,Danny,N,N,19,R,2.5,4.5
20220301,2022.03.01,5,0:12:43,Luis,N,Y,20,R,3.5,4.5
20220301,2022.03.01,5,0:13:15,Danny,N,B,16,R,3.5,3.5
20220301,2022.03.01,5,0:13:49,Ricky,N,N,7,R,2.5,1.5
20220301,2022.03.01,5,0:14:54,Franky,Y,G,21,L,0.5,5.5
20220301,2022.03.01,6,0:00:24,Luis,N,N,24,R,3.5,5.5
20220301,2022.03.01,6,0:02:12,Luis,Y,G,18,L,1.5,4.5
20220301,2022.03.01,6,0:03:56,Appa,N,Y,12,R,3.5,2.5
20220301,2022.03.01,6,0:04:12,Luis,N,B,17,R,0.5,4.5
20220301,2022.03.01,6,0:04:43,Franky,N,N,21,L,0.5,5.5
20220301,2022.03.01,6,0:05:00,Luis,Y,G,17,L,0.5,4.5
20220301,2022.03.01,6,0:06:19,Appa,N,Y,17,R,0.5,4.5
20220301,2022.03.01,6,0:06:24,Joseph,N,N,19,R,2.5,4.5
20220301,2022.03.01,6,0:07:11,KCamal,N,Y,18,L,1.5,4.5
20220301,2022.03.01,6,0:07:23,Appa,N,B,17,R,0.5,4.5
20220301,2022.03.01,6,0:08:00,Luis,N,Y,19,R,2.5,4.5
20220301,2022.03.01,6,0:08:05,Luis,N,N,20,L,3.5,4.5
20220301,2022.03.01,6,0:08:12,Joseph,N,N,17,R,0.5,4.5
20220301,2022.03.01,6,0:08:29,Luis,N,B,20,R,3.5,4.5
20220301,2022.03.01,6,0:08:39,Paul,N,B,15,R,2.5,3.5
20220301,2022.03.01,6,0:08:59,Santiago,N,N,18,L,1.5,4.5
20220301,2022.03.01,6,0:09:12,Paul,N,N,13,L,0.5,3.5
20220301,2022.03.01,6,0:09:20,Paul,Y,G,18,R,1.5,4.5
20220301,2022.03.01,6,0:10:09,KCamal,Y,G,20,R,3.5,4.5
20220301,2022.03.01,6,0:10:32,Ryo,N,B,13,R,0.5,3.5
20220301,2022.03.01,6,0:10:35,KCamal,N,Y,16,R,3.5,3.5
20220301,2022.03.01,6,0:11:19,Paul,N,Y,20,R,3.5,4.5
20220301,2022.03.01,6,0:12:01,Oscar,N,N,24,R,3.5,5.5
20220301,2022.03.01,6,0:12:05,Santiago,N,Y,21,L,0.5,5.5
20220301,2022.03.01,6,0:12:28,Franky,N,Y,15,L,2.5,3.5
20220301,2022.03.01,6,0:12:56,Appa,N,N,16,R,3.5,3.5
20220301,2022.03.01,6,0:12:58,Franky,Y,G,21,L,0.5,5.5
20220301,2022.03.01,6,0:13:43,Joseph,N,Y,17,R,0.5,4.5
20220301,2022.03.01,6,0:14:04,Ricky,N,Y,18,L,1.5,4.5
20220301,2022.03.01,6,0:14:13,Danny,N,N,21,R,0.5,5.5
20220301,2022.03.01,6,0:14:25,Ryo,N,N,14,R,1.5,3.5
20220301,2022.03.01,6,0:14:36,KCamal,Y,G,18,R,1.5,4.5
20220301,2022.03.01,6,0:14:59,Ricky,Y,G,19,L,2.5,4.5
20220301,2022.03.01,7,0:00:16,Joseph,N,N,9,R,0.5,2.5
20220301,2022.03.01,7,0:00:29,Luis,N,Y,15,R,2.5,3.5
20220301,2022.03.01,7,0:00:44,Joseph,Y,G,17,R,0.5,4.5
20220301,2022.03.01,7,0:01:08,Danny,N,Y,13,R,0.5,3.5
20220301,2022.03.01,7,0:01:13,KCamal,Y,G,18,R,1.5,4.5
20220301,2022.03.01,7,0:01:39,Santiago,N,N,19,L,2.5,4.5
20220301,2022.03.01,7,0:01:41,Joseph,Y,G,22,H,1.5,5.5
20220301,2022.03.01,7,0:02:10,Danny,N,B,13,R,0.5,3.5
20220301,2022.03.01,7,0:02:57,Santiago,N,Y,24,L,3.5,5.5
20220301,2022.03.01,7,0:03:20,Luis,N,Y,21,R,0.5,5.5
20220301,2022.03.01,7,0:03:57,Danny,N,Y,24,R,3.5,5.5
20220301,2022.03.01,7,0:04:12,Joseph,N,N,18,R,1.5,4.5
20220301,2022.03.01,7,0:04:18,Paul,N,B,14,R,1.5,3.5
20220301,2022.03.01,7,0:05:34,Santiago,N,Y,24,L,3.5,5.5
20220301,2022.03.01,7,0:05:50,Ricky,N,B,19,L,2.5,4.5
20220301,2022.03.01,7,0:06:41,Santiago,N,Y,18,L,1.5,4.5
20220301,2022.03.01,7,0:06:51,Danny,N,Y,15,R,2.5,3.5
20220301,2022.03.01,7,0:07:12,Santiago,Y,G,18,L,1.5,4.5
20220301,2022.03.01,7,0:07:42,Ryo,N,Y,16,R,3.5,3.5
20220301,2022.03.01,7,0:08:06,Ricky,Y,G,14,L,1.5,3.5
20220301,2022.03.01,7,0:08:45,Isaac,N,Y,15,R,2.5,3.5
20220301,2022.03.01,7,0:09:29,Franky,N,N,17,L,0.5,4.5
20220301,2022.03.01,7,0:09:40,Franky,N,Y,19,R,2.5,4.5
20220301,2022.03.01,7,0:09:48,Franky,N,N,15,L,2.5,3.5
20220301,2022.03.01,7,0:09:50,Appa,N,N,20,L,3.5,4.5
20220301,2022.03.01,7,0:10:11,KCamal,Y,G,20,L,3.5,4.5
20220301,2022.03.01,7,0:10:35,Ryo,N,Y,13,R,0.5,3.5
20220301,2022.03.01,7,0:12:10,KCamal,N,N,9,L,0.5,2.5
20220301,2022.03.01,7,0:12:56,Joseph,N,N,24,R,3.5,5.5
20220301,2022.03.01,7,0:13:22,Joseph,N,Y,20,R,3.5,4.5
20220315,2022.03.15,1,0:08:20,Joseph,N,N,21,R,0.5,5.5
20220315,2022.03.15,1,0:08:56,Ryo,N,N,17,R,0.5,4.5
20220315,2022.03.15,1,0:09:05,Ryo,N,Y,18,R,1.5,4.5
20220315,2022.03.15,1,0:09:10,Chris,N,N,18,L,1.5,4.5
20220315,2022.03.15,1,0:09:12,Oscar,N,N,21,L,0.5,5.5
20220315,2022.03.15,1,0:09:19,Paul,Y,G,20,R,3.5,4.5
20220315,2022.03.15,1,0:09:47,Chris,N,Y,21,L,0.5,5.5
20220315,2022.03.15,1,0:10:45,Chris,N,N,9,L,0.5,2.5
20220315,2022.03.15,1,0:11:46,Franky,N,B,20,R,3.5,4.5
20220315,2022.03.15,1,0:11:54,Joseph,Y,G,13,R,0.5,3.5
20220315,2022.03.15,1,0:12:27,Franky,N,B,20,R,3.5,4.5
20220315,2022.03.15,1,0:12:34,Paul,Y,G,18,R,1.5,4.5
20220315,2022.03.15,1,0:13:11,Franky,Y,G,20,R,3.5,4.5
20220315,2022.03.15,1,0:14:35,Oscar,N,Y,19,R,2.5,4.5
20220315,2022.03.15,2,0:01:48,Joseph,N,N,18,R,1.5,4.5
20220315,2022.03.15,2,0:02:09,Danny,N,Y,16,R,3.5,3.5
20220315,2022.03.15,2,0:02:15,Ricky,N,N,19,L,2.5,4.5
20220315,2022.03.15,2,0:02:33,Ryo,N,N,10,R,1.5,2.5
20220315,2022.03.15,2,0:02:43,Ryo,Y,G,18,R,1.5,4.5
20220315,2022.03.15,2,0:02:56,Luis,N,N,18,L,1.5,4.5
20220315,2022.03.15,2,0:03:19,Oscar,N,Y,18,R,1.5,4.5
20220315,2022.03.15,2,0:04:11,Luis,N,Y,20,R,3.5,4.5
20220315,2022.03.15,2,0:04:53,Ricky,N,Y,21,L,0.5,5.5
20220315,2022.03.15,2,0:05:02,Ryo,N,N,20,R,3.5,4.5
20220315,2022.03.15,2,0:05:26,Oscar,N,Y,21,R,0.5,5.5
20220315,2022.03.15,2,0:05:34,Chris,Y,G,19,L,2.5,4.5
20220315,2022.03.15,2,0:06:33,Appa,N,N,17,R,0.5,4.5
20220315,2022.03.15,2,0:06:35,Danny,N,Y,24,R,3.5,5.5
20220315,2022.03.15,2,0:06:50,Danny,N,B,20,R,3.5,4.5
20220315,2022.03.15,2,0:07:05,Luis,Y,G,17,R,0.5,4.5
20220315,2022.03.15,2,0:07:54,Ricky,Y,G,20,R,3.5,4.5
20220315,2022.03.15,2,0:08:30,Luis,N,B,18,L,1.5,4.5
20220315,2022.03.15,2,0:08:55,Appa,N,B,17,R,0.5,4.5
20220315,2022.03.15,2,0:09:27,Ricky,Y,G,20,L,3.5,4.5
20220315,2022.03.15,2,0:09:53,Appa,Y,G,14,R,1.5,3.5
20220315,2022.03.15,2,0:10:13,Luis,N,N,17,L,0.5,4.5
20220315,2022.03.15,2,0:10:22,Paul,Y,G,17,R,0.5,4.5
20220315,2022.03.15,2,0:10:47,Oscar,N,N,24,R,3.5,5.5
20220315,2022.03.15,2,0:10:50,Chris,N,Y,18,R,1.5,4.5
20220315,2022.03.15,2,0:11:16,Luis,N,Y,24,R,3.5,5.5
20220315,2022.03.15,2,0:11:24,Joseph,N,B,13,R,0.5,3.5
20220315,2022.03.15,2,0:11:39,Paul,N,Y,18,R,1.5,4.5
20220315,2022.03.15,2,0:12:09,Franky,N,Y,20,R,3.5,4.5
20220315,2022.03.15,2,0:12:17,Appa,N,Y,20,R,3.5,4.5
20220315,2022.03.15,2,0:12:24,Luis,Y,G,18,L,1.5,4.5
20220315,2022.03.15,2,0:13:06,Joseph,N,Y,18,R,1.5,4.5
20220315,2022.03.15,2,0:13:40,Ryo,N,B,15,R,2.5,3.5
20220315,2022.03.15,2,0:13:49,Oscar,N,N,17,R,0.5,4.5
20220315,2022.03.15,2,0:14:19,Appa,N,N,20,R,3.5,4.5
20220315,2022.03.15,2,0:14:34,Chris,N,N,15,L,2.5,3.5
20220315,2022.03.15,3,0:00:02,Chris,N,Y,21,R,0.5,5.5
20220315,2022.03.15,3,0:00:07,Franky,N,B,19,R,2.5,4.5
20220315,2022.03.15,3,0:00:31,Appa,Y,G,18,R,1.5,4.5
20220315,2022.03.15,3,0:01:01,Chris,N,B,17,L,0.5,4.5
20220315,2022.03.15,3,0:01:09,Chris,Y,G,21,L,0.5,5.5
20220315,2022.03.15,3,0:01:31,Joseph,N,Y,15,R,2.5,3.5
20220315,2022.03.15,3,0:01:59,Ricky,Y,G,18,L,1.5,4.5
20220315,2022.03.15,3,0:02:28,Joseph,Y,G,19,R,2.5,4.5
20220315,2022.03.15,3,0:03:17,Paul,Y,G,20,R,3.5,4.5
20220315,2022.03.15,3,0:03:49,Chris,N,Y,16,L,3.5,3.5
20220315,2022.03.15,3,0:04:02,Franky,N,N,24,R,3.5,5.5
20220315,2022.03.15,3,0:04:20,Danny,N,B,10,R,1.5,2.5
20220315,2022.03.15,3,0:04:46,Ryo,N,N,19,R,2.5,4.5
20220315,2022.03.15,3,0:05:15,Ricky,N,Y,13,L,0.5,3.5
20220315,2022.03.15,3,0:05:42,Appa,N,B,18,R,1.5,4.5
20220315,2022.03.15,3,0:06:20,Appa,Y,G,13,R,0.5,3.5
20220315,2022.03.15,3,0:06:48,Paul,N,Y,14,R,1.5,3.5
20220315,2022.03.15,3,0:07:22,Joseph,N,N,18,R,1.5,4.5
20220315,2022.03.15,3,0:07:24,Joseph,N,Y,18,R,1.5,4.5
20220315,2022.03.15,3,0:08:07,Danny,N,B,16,R,3.5,3.5
20220315,2022.03.15,3,0:08:11,Joseph,N,Y,17,R,0.5,4.5
20220315,2022.03.15,3,0:08:14,Ryo,Y,G,24,R,3.5,5.5
20220315,2022.03.15,3,0:10:04,Franky,N,Y,17,L,0.5,4.5
20220315,2022.03.15,3,0:10:40,Franky,N,B,13,L,0.5,3.5
20220315,2022.03.15,3,0:10:44,Franky,N,N,19,R,2.5,4.5
20220315,2022.03.15,3,0:11:01,Franky,N,B,17,R,0.5,4.5
20220315,2022.03.15,3,0:11:06,Luis,Y,G,19,R,2.5,4.5
20220315,2022.03.15,3,0:11:32,Ryo,N,Y,20,R,3.5,4.5
20220315,2022.03.15,3,0:11:51,Chris,N,Y,18,L,1.5,4.5
20220315,2022.03.15,3,0:12:09,Ricky,Y,G,17,L,0.5,4.5
20220315,2022.03.15,3,0:12:23,Joseph,N,N,14,R,1.5,3.5
20220315,2022.03.15,3,0:12:49,Franky,N,Y,16,R,3.5,3.5
20220315,2022.03.15,3,0:13:00,Oscar,Y,G,18,R,1.5,4.5
20220315,2022.03.15,3,0:13:26,Joseph,N,Y,17,R,0.5,4.5
20220315,2022.03.15,3,0:13:38,Ricky,Y,G,20,R,3.5,4.5
20220315,2022.03.15,3,0:14:31,Ricky,Y,G,17,R,0.5,4.5
20220315,2022.03.15,4,0:00:12,Joseph,N,N,17,R,0.5,4.5
20220315,2022.03.15,4,0:00:14,Ryo,N,N,18,R,1.5,4.5
20220315,2022.03.15,4,0:01:08,Joseph,N,N,18,R,1.5,4.5
20220315,2022.03.15,4,0:01:16,Oscar,Y,G,21,R,0.5,5.5
20220315,2022.03.15,4,0:02:04,Danny,N,N,20,R,3.5,4.5
20220315,2022.03.15,4,0:02:06,Appa,N,Y,18,R,1.5,4.5
20220315,2022.03.15,4,0:02:17,Joseph,Y,G,20,R,3.5,4.5
20220315,2022.03.15,4,0:02:30,Chris,N,N,13,L,0.5,3.5
20220315,2022.03.15,4,0:03:00,Oscar,Y,G,19,R,2.5,4.5
20220315,2022.03.15,4,0:04:38,Paul,N,Y,17,L,0.5,4.5
20220315,2022.03.15,4,0:05:00,Paul,Y,G,21,L,0.5,5.5
20220315,2022.03.15,4,0:06:04,Luis,N,Y,17,L,0.5,4.5
20220315,2022.03.15,4,0:06:05,Franky,N,N,19,R,2.5,4.5
20220315,2022.03.15,4,0:06:44,Paul,Y,G,19,R,2.5,4.5
20220315,2022.03.15,4,0:07:18,Franky,N,N,21,L,0.5,5.5
20220315,2022.03.15,4,0:07:38,Ryo,N,Y,20,R,3.5,4.5
20220315,2022.03.15,4,0:08:00,Ricky,N,Y,15,L,2.5,3.5
20220315,2022.03.15,4,0:08:56,Franky,N,N,21,R,0.5,5.5
20220315,2022.03.15,4,0:09:11,Joseph,N,B,20,R,3.5,4.5
20220315,2022.03.15,4,0:09:13,Joseph,N,B,24,R,3.5,5.5
20220315,2022.03.15,4,0:09:30,Luis,N,N,21,L,0.5,5.5
20220315,2022.03.15,4,0:09:36,Chris,Y,G,18,L,1.5,4.5
20220315,2022.03.15,4,0:10:02,Paul,N,N,24,R,3.5,5.5
20220315,2022.03.15,4,0:10:11,Luis,N,Y,17,L,0.5,4.5
20220315,2022.03.15,4,0:10:36,Chris,N,N,13,L,0.5,3.5
20220315,2022.03.15,4,0:11:23,Chris,N,Y,17,L,0.5,4.5
20220315,2022.03.15,4,0:11:39,Paul,Y,G,18,R,1.5,4.5
20220315,2022.03.15,4,0:12:01,Paul,N,Y,15,R,2.5,3.5
20220315,2022.03.15,4,0:12:47,Luis,N,Y,17,L,0.5,4.5
20220315,2022.03.15,4,0:13:51,Appa,N,Y,21,R,0.5,5.5
20220315,2022.03.15,4,0:14:04,Appa,N,Y,18,L,1.5,4.5
20220315,2022.03.15,4,0:14:56,Joseph,N,Y,18,R,1.5,4.5
20220315,2022.03.15,5,0:00:10,Luis,N,Y,21,R,0.5,5.5
20220315,2022.03.15,5,0:00:12,Franky,N,Y,18,R,1.5,4.5
20220315,2022.03.15,5,0:00:46,Danny,N,Y,20,R,3.5,4.5
20220315,2022.03.15,5,0:00:58,Paul,Y,G,18,R,1.5,4.5
20220315,2022.03.15,5,0:02:05,Danny,N,B,16,R,3.5,3.5
20220315,2022.03.15,5,0:02:25,Ryo,N,Y,19,R,2.5,4.5
20220315,2022.03.15,5,0:03:24,Franky,N,Y,24,R,3.5,5.5
20220315,2022.03.15,5,0:03:59,Luis,N,Y,18,L,1.5,4.5
20220315,2022.03.15,5,0:04:03,Luis,N,N,18,R,1.5,4.5
20220315,2022.03.15,5,0:04:13,Paul,N,Y,16,R,3.5,3.5
20220315,2022.03.15,5,0:04:26,Oscar,N,N,13,R,0.5,3.5
20220315,2022.03.15,5,0:04:37,Danny,N,N,16,R,3.5,3.5
20220315,2022.03.15,5,0:04:55,Oscar,N,Y,17,R,0.5,4.5
20220315,2022.03.15,5,0:05:11,Joseph,N,N,14,R,1.5,3.5
20220315,2022.03.15,5,0:06:24,Chris,N,B,9,L,0.5,2.5
20220315,2022.03.15,5,0:06:48,Luis,Y,G,19,R,2.5,4.5
20220315,2022.03.15,5,0:11:14,Luis,Y,G,19,L,2.5,4.5
20220315,2022.03.15,5,0:11:34,Luis,N,Y,20,R,3.5,4.5
20220315,2022.03.15,5,0:11:48,Ricky,Y,G,14,L,1.5,3.5
20220315,2022.03.15,5,0:12:30,Ryo,N,Y,18,R,1.5,4.5
20220315,2022.03.15,5,0:12:51,Joseph,Y,G,21,R,0.5,5.5
20220315,2022.03.15,5,0:13:21,Chris,N,Y,19,L,2.5,4.5
20220315,2022.03.15,5,0:13:28,Ricky,Y,G,15,L,2.5,3.5
20220315,2022.03.15,5,0:14:07,Ryo,Y,G,18,R,1.5,4.5
20220315,2022.03.15,5,0:14:25,Luis,N,N,17,L,0.5,4.5
20220315,2022.03.15,5,0:14:31,Ryo,N,Y,14,R,1.5,3.5
20220315,2022.03.15,6,0:00:04,Ryo,N,Y,15,R,2.5,3.5
20220315,2022.03.15,6,0:00:22,Chris,Y,G,17,L,0.5,4.5
20220315,2022.03.15,6,0:00:49,Paul,N,Y,19,R,2.5,4.5
20220315,2022.03.15,6,0:00:51,Ryo,Y,G,18,R,1.5,4.5
20220315,2022.03.15,6,0:01:50,Paul,Y,G,18,R,1.5,4.5
20220315,2022.03.15,6,0:03:44,Chris,N,N,17,L,0.5,4.5
20220315,2022.03.15,6,0:03:54,Ricky,Y,G,19,L,2.5,4.5
20220315,2022.03.15,6,0:04:19,Paul,N,Y,18,R,1.5,4.5
20220315,2022.03.15,6,0:04:34,Luis,N,Y,14,R,1.5,3.5
20220315,2022.03.15,6,0:04:38,Appa,Y,G,21,L,0.5,5.5
20220315,2022.03.15,6,0:05:06,Chris,N,Y,17,R,0.5,4.5
20220315,2022.03.15,6,0:05:25,Joseph,N,N,14,R,1.5,3.5
20220315,2022.03.15,6,0:06:09,Luis,N,Y,15,R,2.5,3.5
20220315,2022.03.15,6,0:06:27,Franky,N,B,20,R,3.5,4.5
20220315,2022.03.15,6,0:06:39,Joseph,N,N,18,R,1.5,4.5
20220315,2022.03.15,6,0:07:30,Luis,N,N,20,R,3.5,4.5
20220315,2022.03.15,6,0:07:52,Franky,Y,G,20,L,3.5,4.5
20220315,2022.03.15,6,0:09:05,Joseph,N,N,13,R,0.5,3.5
20220315,2022.03.15,6,0:09:18,Franky,N,Y,18,R,1.5,4.5
20220315,2022.03.15,6,0:09:47,Franky,N,Y,18,R,1.5,4.5
20220315,2022.03.15,6,0:09:53,Paul,Y,G,18,R,1.5,4.5
20220315,2022.03.15,6,0:10:24,Ricky,N,B,24,L,3.5,5.5
20220315,2022.03.15,6,0:10:27,Franky,N,B,20,R,3.5,4.5
20220315,2022.03.15,6,0:11:00,Chris,N,Y,17,R,0.5,4.5
20220315,2022.03.15,6,0:11:23,Ricky,Y,G,18,L,1.5,4.5
20220315,2022.03.15,6,0:11:42,Danny,N,N,20,R,3.5,4.5
20220315,2022.03.15,6,0:11:57,Ricky,N,N,21,L,0.5,5.5
20220315,2022.03.15,6,0:12:18,Franky,N,Y,18,L,1.5,4.5
20220315,2022.03.15,6,0:12:35,Joseph,Y,G,21,R,0.5,5.5
20220315,2022.03.15,6,0:14:13,Danny,Y,G,20,R,3.5,4.5
20220315,2022.03.15,7,0:00:07,Ricky,N,B,14,L,1.5,3.5
20220315,2022.03.15,7,0:00:21,Ricky,N,Y,19,L,2.5,4.5
20220315,2022.03.15,7,0:00:29,Joseph,N,N,20,R,3.5,4.5
20220315,2022.03.15,7,0:00:52,Luis,N,Y,13,R,0.5,3.5
20220315,2022.03.15,7,0:01:14,Danny,N,Y,14,R,1.5,3.5
20220315,2022.03.15,7,0:02:05,Ricky,N,Y,17,L,0.5,4.5
20220315,2022.03.15,7,0:02:21,Luis,Y,G,18,L,1.5,4.5
20220315,2022.03.15,7,0:02:48,Ricky,Y,G,17,L,0.5,4.5
20220315,2022.03.15,7,0:03:20,Joseph,N,N,13,R,0.5,3.5
20220315,2022.03.15,7,0:03:35,Franky,N,Y,24,R,3.5,5.5
20220315,2022.03.15,7,0:04:00,Luis,N,N,19,L,2.5,4.5
20220315,2022.03.15,7,0:04:24,Danny,N,N,18,R,1.5,4.5
20220315,2022.03.15,7,0:04:37,Ricky,N,B,14,L,1.5,3.5
20220315,2022.03.15,7,0:04:47,Joseph,N,N,17,R,0.5,4.5
20220315,2022.03.15,7,0:05:24,Luis,N,Y,24,R,3.5,5.5
20220315,2022.03.15,7,0:05:33,Chris,Y,G,18,L,1.5,4.5
20220315,2022.03.15,7,0:05:59,Danny,N,N,10,R,1.5,2.5
20220315,2022.03.15,7,0:06:25,Paul,Y,G,20,R,3.5,4.5
20220315,2022.03.15,7,0:07:02,Ricky,Y,G,9,R,0.5,2.5
20220315,2022.03.15,7,0:07:38,Danny,N,Y,13,R,0.5,3.5
20220315,2022.03.15,7,0:07:48,Chris,Y,G,17,R,0.5,4.5
20220315,2022.03.15,7,0:08:32,Paul,Y,G,20,R,3.5,4.5
20220315,2022.03.15,7,0:09:08,Ryo,N,Y,16,R,3.5,3.5
20220315,2022.03.15,7,0:09:24,Chris,N,N,17,R,0.5,4.5
20220315,2022.03.15,7,0:09:33,Joseph,N,Y,17,R,0.5,4.5
20220315,2022.03.15,7,0:09:44,Luis,N,Y,18,L,1.5,4.5
20220315,2022.03.15,7,0:10:00,Ricky,N,Y,20,R,3.5,4.5
20220315,2022.03.15,7,0:10:15,Ryo,Y,G,18,R,1.5,4.5
20220315,2022.03.15,7,0:11:21,Franky,N,Y,24,R,3.5,5.5
20220315,2022.03.15,7,0:12:14,Joseph,N,Y,21,R,0.5,5.5
20220315,2022.03.15,7,0:12:37,Joseph,N,N,17,R,0.5,4.5
20220315,2022.03.15,7,0:13:10,Paul,Y,G,19,R,2.5,4.5
20220315,2022.03.15,7,0:13:33,Luis,Y,G,19,R,2.5,4.5
20220315,2022.03.15,7,0:14:06,Joseph,N,B,13,R,0.5,3.5
20220315,2022.03.15,7,0:14:11,Danny,N,N,6,R,1.5,1.5
20220315,2022.03.15,7,0:14:40,Appa,Y,G,19,R,2.5,4.5
20220315,2022.03.15,8,0:00:09,Luis,N,Y,19,R,2.5,4.5
20220315,2022.03.15,8,0:00:18,Ryo,Y,G,19,R,2.5,4.5
20220315,2022.03.15,8,0:01:18,Joseph,N,N,17,R,0.5,4.5
20220315,2022.03.15,8,0:01:26,Ricky,Y,G,20,R,3.5,4.5
20220315,2022.03.15,8,0:01:47,Appa,N,Y,16,R,3.5,3.5
20220315,2022.03.15,8,0:02:15,Appa,Y,G,19,R,2.5,4.5
20220315,2022.03.15,8,0:02:36,Franky,N,Y,24,R,3.5,5.5
20220315,2022.03.15,8,0:02:57,Luis,Y,G,24,R,3.5,5.5
20220315,2022.03.15,8,0:03:15,Danny,N,Y,12,R,3.5,2.5
20220315,2022.03.15,8,0:03:21,Ryo,N,N,21,R,0.5,5.5
20220315,2022.03.15,8,0:03:23,Ryo,N,Y,18,R,1.5,4.5
20220315,2022.03.15,8,0:03:48,Ricky,Y,G,19,L,2.5,4.5